pano,ONSConstID,ConstituencyName,Country,Region,Con17,Lab17,LD17,SNP17,PC17,UKIP17,Green17,Other17,Con15,Lab15,LD15,SNP15,PC15,UKIP15,Green15,Other15,Leave16_Hanretty
1,W07000049,Aberavon,Wales,Wales,17.74,68.12,1.8,0,8.3,4.04,0,0,11.87,48.9,4.43,0,11.62,15.77,2.26,5.15,60.12
2,W07000058,Aberconwy,Wales,Wales,44.59,42.62,2.93,0,9.86,0,0,0,41.51,28.24,4.61,0,11.73,11.5,2.41,0,52.20
3,S14000001,Aberdeen North,Scotland,Scotland,22.69,30.01,4.61,41.27,0,0,0,1.42,12.07,25.94,4.67,56.43,0,0,0,0.89,43.09
4,S14000002,Aberdeen South,Scotland,Scotland,42.13,20.55,5.87,31.45,0,0,0,0,22.84,26.76,4.64,41.65,0,1.85,1.99,0.29,32.14
5,S14000058,West Aberdeenshire and Kincardine,Scotland,Scotland,47.85,11.05,8.64,32.45,0,0,0,0,28.84,4.51,21.4,41.58,0,1.82,1.6,0.26,38.52
6,S14000003,Airdrie and Shotts,Scotland,Scotland,23.19,37.09,2.11,37.61,0,0,0,0,7.65,34.11,1.53,53.94,0,2.46,0,0.31,39.84
7,E14000530,Aldershot,England,South East,55.06,31.62,7.43,0,0,3.67,2.23,0,50.59,18.33,8.82,0,0,17.87,4.38,0,57.90
8,E14000531,Aldridge-Brownhills,England,West Midlands,65.41,29.85,3.34,0,0,0,0,1.4,52.05,22.37,3.37,0,0,19.62,2.09,0.5,67.80
9,E14000532,Altrincham and Sale West,England,North West,51.02,38.85,7.67,0,0,0,1.89,0.57,52.99,26.69,8.38,0,0,8.01,3.93,0,38.59
10,W07000043,Alyn and Deeside,Wales,Wales,40.39,52.09,2.41,0,2.62,2.5,0,0,31.94,40.03,4.19,0,3.89,17.57,2.36,0,58.05
11,E14000533,Amber Valley,England,East Midlands,56.55,38.43,2.4,0,0,0,1.42,1.2,43.98,34.78,2.97,0,0,15.89,2.38,0,65.30
12,S14000004,Angus,Scotland,Scotland,45.15,13.02,3.25,38.57,0,0,0,0,29,8.81,2.73,54.24,0,3.05,2.17,0,48.24
16,W07000057,Arfon,Wales,Wales,16.36,40.51,2.3,0,40.84,0,0,0,13.12,30.26,2.68,0,43.93,8.48,0,1.52,35.85
17,S14000005,Argyll and Bute,Scotland,Scotland,33.24,12.57,18.19,36,0,0,0,0,14.9,10.4,27.92,44.25,0,2.53,0,0,39.43
18,E14000534,Arundel and South Downs,England,South East,62.36,22.72,7.94,0,0,2.77,4.22,0,60.79,11.2,7.19,0,0,14.44,6.38,0,49.70
19,E14000535,Ashfield,England,East Midlands,41.69,42.58,1.94,0,0,3.77,0.8,9.23,22.42,41.02,14.83,0,0,21.41,0,0.32,70.47
20,E14000536,Ashford,England,South East,58.98,29.79,5.18,0,0,3.7,2.34,0,52.45,18.44,5.98,0,0,18.82,4.3,0,59.86
21,E14000537,Ashton-under-Lyne,England,North West,31.96,60.36,1.62,0,0,4.72,1.34,0,22.12,49.76,2.42,0,0,21.76,3.93,0,61.81
22,E14000538,Aylesbury,England,South East,54.97,30.04,9.63,0,0,2.2,2.1,1.05,50.67,15.14,10.62,0,0,19.71,3.85,0,51.79
23,S14000006,"Ayr, Carrick and Cumnock",Scotland,Scotland,40.13,23.85,1.89,34.13,0,0,0,0,19.83,27.25,1.64,48.83,0,2.45,0,0,44.11
24,S14000010,Central Ayrshire,Scotland,Scotland,34.39,26.09,2.33,37.2,0,0,0,0,17.34,26.41,1.81,53.17,0,0,1.27,0,41.62
25,S14000048,North Ayrshire and Arran,Scotland,Scotland,31.24,27.49,2.37,38.9,0,0,0,0,14.79,27.97,1.66,53.17,0,2.41,0,0,42.40
26,E14000539,Banbury,England,South East,54.23,34.09,5.61,0,0,2.57,1.99,1.51,53.01,21.3,5.93,0,0,13.88,4.63,1.26,50.35
27,S14000007,Banff and Buchan,Scotland,Scotland,47.97,9.45,3.48,39.1,0,0,0,0,28.82,5.8,5.14,60.24,0,0,0,0,61.38
28,E14000540,Barking,England,London,22.46,67.78,1.26,0,0,6.36,1.52,0.62,16.31,57.68,1.31,0,0,22.2,2.08,0.43,59.97
29,E14000541,Barnsley Central,England,Yorkshire and The Humber,24.14,63.91,1.4,0,0,8.54,1.46,0.54,15,55.73,2.11,0,0,21.72,2.57,2.87,68.19
30,E14000542,Barnsley East,England,Yorkshire and The Humber,26.97,59.54,1.84,0,0,7.96,0,3.68,14.6,54.73,3.16,0,0,23.48,0,4.03,70.98
31,E14000543,Barrow and Furness,England,North West,47.03,47.47,2.69,0,0,2.02,0.79,0,40.5,42.33,2.7,0,0,11.72,2.45,0.3,57.28
32,E14000544,Basildon and Billericay,England,East of England,60.96,31.13,3.45,0,0,4.47,0,0,52.68,23.67,3.8,0,0,19.84,0,0,67.14
33,E14000933,South Basildon and East Thurrock,England,East of England,56.9,32.51,1.55,0,0,6.78,1.44,0.81,43.4,25.21,2.97,0,0,26.53,0,1.88,73.00
34,E14000545,Basingstoke,England,South East,52.73,35.82,6.09,0,0,3,1.98,0.38,48.55,27.71,7.38,0,0,15.62,0,0.74,53.60
35,E14000546,Bassetlaw,England,East Midlands,43.28,52.57,2.21,0,0,0,0,1.94,30.68,48.62,2.7,0,0,15.96,2.04,0,68.32
36,E14000547,Bath,England,South West,35.78,14.68,47.27,0,0,0,2.27,0,37.81,13.18,29.68,0,0,6.2,11.94,1.19,31.72
37,E14000548,Batley and Spen,England,Yorkshire and The Humber,38.83,55.49,2.28,0,0,0,1.29,2.11,31.24,43.24,4.75,0,0,17.99,2.44,0.35,59.63
38,E14000549,Battersea,England,London,41.55,45.94,7.99,0,0,0.65,1.57,2.3,52.38,36.82,4.39,0,0,3.11,3.3,0,22.05
39,E14000550,Beaconsfield,England,South East,65.25,21.45,7.94,0,0,2.87,2.49,0,63.24,11.43,7.39,0,0,13.75,4.2,0,49.01
40,E14000551,Beckenham,England,London,59.33,30.11,7.89,0,0,0,2.67,0,57.28,19.43,6.92,0,0,12.52,3.85,0,48.38
41,E14000552,Bedford,England,East of England,45.22,46.85,5.85,0,0,0,2.08,0,42.58,40.2,4.25,0,0,9.62,3.06,0.28,51.95
42,E14000813,Mid Bedfordshire,England,East of England,61.67,28.43,6,0,0,0,2.84,1.06,56.05,15.87,7.22,0,0,15.44,4.24,1.17,52.88
43,E14000841,North East Bedfordshire,England,East of England,60.95,28.46,5.75,0,0,2.95,1.89,0,59.47,15.76,5.83,0,0,14.62,4.32,0,53.44
44,E14000949,South West Bedfordshire,England,East of England,59.25,33.78,4.73,0,0,0,1.71,0.54,54.99,20.27,5.16,0,0,15.48,4.1,0,58.08
49,E14000553,Bermondsey and Old Southwark,England,London,12.95,53.25,31.08,0,0,1.43,1.09,0.19,11.77,43.07,34.34,0,0,6.33,3.93,0.57,26.05
50,E14000554,Berwick-upon-Tweed,England,North East,52.46,24.55,21.12,0,0,0,1.86,0,41.07,14.95,28.92,0,0,11.16,3.68,0.22,55.30
51,S14000008,"Berwickshire, Roxburgh and Selkirk",Scotland,Scotland,53.88,8.63,4.74,32.76,0,0,0,0,36.01,4.91,18.7,36.6,0,2.39,1.15,0.25,43.26
52,E14000555,Bethnal Green and Bow,England,London,12.66,71.82,4.98,0,0,1.49,2.53,6.5,15.25,61.2,4.53,0,0,6.08,9.27,3.68,30.86
53,E14000556,Beverley and Holderness,England,Yorkshire and The Humber,58.41,33.17,5.05,0,0,0,1.29,2.08,48.15,24.98,5.51,0,0,16.69,3.42,1.25,58.74
54,E14000557,Bexhill and Battle,England,South East,61.97,24.7,7.54,0,0,3.37,2.42,0,54.77,14.12,7.6,0,0,18.42,5.08,0,57.72
55,E14000558,Bexleyheath and Crayford,England,London,55.57,35.5,2.66,0,0,4.3,1.33,0.64,47.25,26.21,2.99,0,0,21.02,2.17,0.35,65.26
56,E14000559,Birkenhead,England,North West,18.42,76.86,2.56,0,0,0,2.16,0,14.86,67.62,3.57,0,0,9.8,4.15,0,51.71
57,E14000560,"Birmingham, Edgbaston",England,West Midlands,39.45,55.32,3.59,0,0,0,1.29,0.36,38.29,44.85,2.87,0,0,10.06,3.32,0.62,47.35
58,E14000561,"Birmingham, Erdington",England,West Midlands,38.39,57.96,2.02,0,0,0,1.64,0,30.84,45.62,2.78,0,0,17.41,2.73,0.61,62.97
59,E14000562,"Birmingham, Hall Green",England,West Midlands,15.1,77.6,5.78,0,0,0,1.53,0,17.7,59.83,11.6,0,0,4.53,4.68,1.66,33.57
60,E14000563,"Birmingham, Hodge Hill",England,West Midlands,14.18,81.06,1.74,0,0,2.19,0.83,0,11.47,68.4,6.39,0,0,11.33,2.03,0.37,51.48
61,E14000564,"Birmingham, Ladywood",England,West Midlands,13.2,82.71,2.8,0,0,0,1.29,0,12.74,73.63,3.83,0,0,5.03,4.18,0.6,35.62
62,E14000565,"Birmingham, Northfield",England,West Midlands,42.68,53.21,2.16,0,0,0,1.95,0,35.71,41.62,3.18,0,0,16.74,2.75,0,61.79
63,E14000566,"Birmingham, Perry Barr",England,West Midlands,26.53,68.12,2.44,0,0,0,1.34,1.56,21.5,57.43,4.85,0,0,12.2,3.22,0.8,51.22
64,E14000567,"Birmingham, Selly Oak",England,West Midlands,31.91,62.95,3.36,0,0,0,1.79,0,29,47.65,5.56,0,0,12.71,5.08,0,46.91
65,E14000568,"Birmingham, Yardley",England,West Midlands,19.83,57.07,17.94,0,0,4.31,0.63,0.22,14,41.62,25.6,0,0,16.13,1.7,0.96,60.09
66,E14000569,Bishop Auckland,England,North East,46.92,48.08,2.72,0,0,0,0,2.29,32.49,41.4,4.37,0,0,17.81,3.92,0,60.89
67,E14000570,Blackburn,England,North West,26.9,69.76,1.49,0,0,0,0,1.85,27.28,56.28,2.17,0,0,14.27,0,0,53.73
68,E14000571,Blackley and Broughton,England,North West,21.58,70.45,1.84,0,0,4.55,1.15,0.43,15.04,61.93,2.36,0,0,16.46,4.22,0,50.04
69,E14000572,Blackpool North and Cleveleys,England,North West,49.39,44.46,1.82,0,0,3.39,0.93,0,44.44,35.97,2.41,0,0,14.78,2.26,0.14,66.91
70,E14000573,Blackpool South,England,North West,43.08,50.3,1.81,0,0,3.83,0.98,0,33.8,41.77,2.29,0,0,17.3,2.59,2.24,67.81
71,W07000072,Blaenau Gwent,Wales,Wales,14.77,58.01,0.91,0,21.25,3,0,2.06,10.79,58.01,1.96,0,8.99,17.92,2.33,0,62.03
72,E14000574,Blaydon,England,North East,28.08,56.11,9.08,0,0,5.11,1.21,0.41,17.44,49.16,12.23,0,0,17.5,3.67,0,56.12
73,E14000575,Blyth Valley,England,North East,37.31,55.94,4.58,0,0,0,2.16,0,21.7,46.31,5.89,0,0,22.32,3.78,0,60.49
74,E14000576,Bognor Regis and Littlehampton,England,South East,58.96,24.89,6.53,0,0,3.62,1.93,4.07,51.33,13.81,9,0,0,21.74,4.12,0,64.79
75,E14000577,Bolsover,England,East Midlands,40.55,51.92,2.95,0,0,4.58,0,0,24.46,51.23,3.33,0,0,20.97,0,0,70.39
76,E14000578,Bolton North East,England,North West,42.21,50.62,2.91,0,0,3.47,0.79,0,32.82,42.96,2.86,0,0,18.81,2.56,0,58.11
77,E14000579,Bolton South East,England,North West,29.65,60.67,1.85,0,0,6.57,1.27,0,20.34,50.45,2.63,0,0,23.63,2.95,0,63.03
78,E14000580,Bolton West,England,North West,47.91,46.07,2.91,0,0,3.11,0,0,40.63,38.98,4.01,0,0,15.29,0,1.09,55.55
79,E14000581,Bootle,England,North West,12.05,84.03,1.66,0,0,0,1.41,0.84,8.06,74.46,2.17,0,0,10.89,3.32,1.11,54.80
80,E14000582,Boston and Skegness,England,East Midlands,63.6,24.95,1.8,0,0,7.71,1.28,0.66,43.8,16.48,2.34,0,0,33.79,1.85,1.74,75.65
81,E14000583,Bosworth,England,East Midlands,56.73,24.06,17.35,0,0,0,1.86,0,42.81,17.46,22.3,0,0,17.43,0,0,60.83
82,E14000584,Bournemouth East,England,South West,51.88,35.55,6.52,0,0,2.89,2.54,0.63,49.21,16.61,8.37,0,0,16.51,7.28,2.01,53.69
83,E14000585,Bournemouth West,England,South West,53.5,36.18,6.58,0,0,0,2.8,0.94,48.25,17.68,7.85,0,0,18.54,7.44,0.24,57.73
84,E14000586,Bracknell,England,South East,58.83,30.18,7.49,0,0,2.72,0,0.78,55.77,16.87,7.5,0,0,15.71,4.15,0,53.24
85,E14000587,Bradford East,England,Yorkshire and The Humber,20.37,65.39,1.85,0,0,3.01,0.63,8.76,11.31,46.64,29.53,0,0,9.91,2.1,0.51,55.16
86,E14000588,Bradford South,England,Yorkshire and The Humber,38.16,54.48,1.26,0,0,4.28,0.9,0.92,26.27,43.43,2.91,0,0,24.09,3.31,0,63.56
87,E14000589,Bradford West,England,Yorkshire and The Humber,16.57,64.67,1.56,0,0,1.94,1.06,14.2,15.29,49.58,2.91,0,0,7.79,2.69,21.73,46.74
88,E14000590,Braintree,England,East of England,62.82,27.62,4.3,0,0,3.51,1.75,0,53.84,18.49,4.95,0,0,18.82,3.11,0.8,61.52
89,W07000068,Brecon and Radnorshire,Wales,Wales,48.58,17.75,29.14,0,3.14,1.39,0,0,41.06,14.73,28.33,0,4.41,8.33,3.15,0,51.86
90,E14000591,Brent Central,England,London,19.53,73.06,4.82,0,0,1.06,1.53,0,20.34,62.12,8.37,0,0,3.93,4.07,1.17,42.89
91,E14000592,Brent North,England,London,32.66,62.89,2.86,0,0,0,1.17,0.42,33.53,54.28,4.99,0,0,3.87,2.95,0.38,42.61
92,E14000593,Brentford and Isleworth,England,London,37.62,57.38,5,0,0,0,0,0,42.94,43.76,4.02,0,0,5.58,3.7,0,43.31
93,E14000594,Brentwood and Ongar,England,East of England,65.79,20.43,8.37,0,0,3.49,1.73,0.2,58.84,12.51,8.82,0,0,16.81,2.69,0.33,61.19
94,W07000073,Bridgend,Wales,Wales,39.79,50.66,2.12,0,4.12,1.81,0,1.49,32.18,37.07,4.18,0,7.06,14.98,1.87,2.67,50.28
95,E14000595,Bridgwater and West Somerset,England,South West,55.11,28.6,10.87,0,0,3.61,1.82,0,45.95,17.61,12.42,0,0,19.17,4.84,0,62.06
96,E14000596,Brigg and Goole,England,Yorkshire and The Humber,60.41,32.97,1.86,0,0,3.54,1.22,0,53.03,27.2,1.77,0,0,15.47,2.11,0.42,66.23
97,E14000597,"Brighton, Kemptown",England,South East,38.28,58.33,2.96,0,0,0,0,0.43,40.67,39.15,3.01,0,0,9.81,7.03,0.31,43.59
98,E14000598,"Brighton, Pavilion",England,South East,19.21,26.78,0,0,0,1.09,52.26,0.65,22.77,27.26,2.79,0,0,4.98,41.83,0.37,25.93
99,E14000599,Bristol East,England,South West,34.36,60.72,2.73,0,0,0,2.19,0,30.66,39.27,5.82,0,0,15.48,8.28,0.5,46.80
100,E14000600,Bristol North West,England,South West,41.85,50.65,5.2,0,0,0,2.3,0,43.95,34.4,6.2,0,0,9.44,5.7,0.31,38.85
101,E14000601,Bristol South,England,South West,30.67,60.07,3.35,0,0,3.07,2.63,0.21,24.34,38.36,8.69,0,0,16.48,11.53,0.59,47.95
102,E14000602,Bristol West,England,South West,13.79,65.93,7.26,0,0,0,12.87,0.14,15.19,35.66,18.85,0,0,3.02,26.83,0.46,20.71
103,E14000603,Broadland,England,East of England,57.9,29.64,7.95,0,0,2.85,1.67,0,50.5,18.78,9.75,0,0,16.73,4.24,0,54.10
104,E14000604,Bromley and Chislehurst,England,London,53.95,33.4,7.22,0,0,2.96,2.46,0,52.97,22.19,6.44,0,0,14.26,4.14,0,49.83
105,E14000605,Bromsgrove,England,West Midlands,61.98,31.31,4.6,0,0,0,2.11,0,53.85,22.21,5.01,0,0,15.62,3.31,0,55.37
106,E14000606,Broxbourne,England,East of England,62.16,28.9,3.12,0,0,4.04,1.79,0,56.05,18.4,3.19,0,0,19.72,2.64,0,65.53
107,E14000607,Broxtowe,England,East Midlands,46.81,45.25,4.05,0,0,2.66,1.23,0,45.22,37.19,3.97,0,0,10.62,2.89,0.12,52.51
108,E14000608,Buckingham,England,South East,65.11,0,0,0,0,7.91,16.28,75.81,0,0,0,0,0,21.74,13.78,64.47,48.87
109,E14000609,Burnley,England,North West,30.97,46.74,15.01,0,0,6.14,1.14,0,13.52,37.62,29.45,0,0,17.27,2.14,0,66.61
110,E14000610,Burton,England,West Midlands,57.98,37.85,2.53,0,0,0,1.65,0,49.77,27.53,2.52,0,0,17.68,2.5,0,64.79
111,E14000611,Bury North,England,North West,44.48,53.61,1.9,0,0,0,0,0,41.94,41.11,2.06,0,0,12.37,2.52,0,53.67
112,E14000612,Bury South,England,North West,41.58,53.28,2.09,0,0,2.58,0,0.48,34.63,45.05,3.58,0,0,13.34,3.04,0.36,54.51
113,E14000613,Bury St Edmunds,England,East of England,59.19,29.53,5.74,0,0,0,4.18,1.37,53.61,17.72,6.03,0,0,14.73,7.91,0,53.99
114,W07000076,Caerphilly,Wales,Wales,25.21,54.46,1.76,0,14.44,3.05,1.08,0,16.59,44.35,2.32,0,14.63,19.34,2.33,0.44,55.14
115,S14000009,"Caithness, Sutherland and Easter Ross",Scotland,Scotland,22.62,12.4,35.79,29.18,0,0,0,0,6.8,8.95,35.06,46.31,0,2.87,0,0,51.34
116,E14000614,Calder Valley,England,Yorkshire and The Humber,46.15,45.1,3.36,0,0,2.53,1.09,1.78,43.62,35.35,4.98,0,0,11.11,3.9,1.03,53.16
117,E14000615,Camberwell and Peckham,England,London,12.8,77.8,5.94,0,0,0,2.83,0.62,13.17,63.25,5,0,0,4.68,10.06,3.83,31.48
118,E14000616,Camborne and Redruth,England,South West,47.47,44.21,6.15,0,0,0,2.17,0,40.23,24.96,12.4,0,0,14.77,5.69,1.96,58.41
119,E14000617,Cambridge,England,East of England,16.33,51.9,29.27,0,0,0,2.26,0.24,15.68,36.01,34.86,0,0,5.15,7.94,0.36,26.23
120,E14000842,North East Cambridgeshire,England,East of England,64.45,24.53,4.47,0,0,4.08,1.92,0.55,55.09,14.44,4.47,0,0,22.5,3.51,0,69.35
121,E14000855,North West Cambridgeshire,England,East of England,58.65,30.51,4.95,0,0,3.93,1.96,0,52.49,17.88,5.69,0,0,20.09,3.53,0.31,56.93
122,E14000934,South Cambridgeshire,England,East of England,51.8,27.23,18.64,0,0,0,2.33,0,51.11,17.65,15.22,0,0,9.77,6.25,0,38.49
123,E14000937,South East Cambridgeshire,England,East of England,53.33,27.69,18.98,0,0,0,0,0,48.47,15.15,20.18,0,0,11.08,5.12,0,45.30
124,E14000618,Cannock Chase,England,West Midlands,54.98,37.45,1.66,0,0,4.22,1.7,0,44.19,33.73,2.7,0,0,17.46,1.92,0,68.86
125,E14000619,Canterbury,England,South East,44.69,45.02,8.03,0,0,0,2.26,0,42.87,24.54,11.65,0,0,13.63,7.01,0.31,45.33
126,W07000050,Cardiff Central,Wales,Wales,19.81,62.41,13.41,0,2.47,0.85,1.04,0,14.68,40.01,27.12,0,4.98,6.47,6.37,0.37,32.01
127,W07000051,Cardiff North,Wales,Wales,42.11,50.13,3.29,0,3.34,1.12,0,0,42.44,38.26,3.82,0,4.5,7.73,2.45,0.8,39.15
128,W07000080,Cardiff South and Penarth,Wales,Wales,30.19,59.49,2.82,0,4.26,1.86,1.05,0.34,26.81,42.78,4.97,0,7.38,13.76,3.74,0.55,42.82
129,W07000079,Cardiff West,Wales,Wales,29.75,56.67,2.6,0,9.47,1.5,0,0,25.15,40.65,4.72,0,13.92,11.24,3.89,0.42,43.82
130,E14000620,Carlisle,England,North West,49.87,43.83,2.92,0,0,3.38,0,0,44.32,37.8,2.55,0,0,12.39,2.64,0.3,60.64
131,W07000067,Carmarthen East and Dinefwr,Wales,Wales,26.27,29.78,2.24,0,39.31,2.4,0,0,21.16,24.22,2.36,0,38.43,11.07,2.77,0,53.21
132,W07000066,Carmarthen West and Pembrokeshire South,Wales,Wales,46.82,39.46,2.26,0,9.31,2.14,0,0,43.68,28.68,2.39,0,10.41,11.64,3.2,0,55.16
133,E14000621,Carshalton and Wallington,England,London,38.32,18.44,41.02,0,0,0,0.99,1.23,31.7,15.02,34.87,0,0,14.8,3.13,0.47,56.26
134,E14000622,Castle Point,England,East of England,67.27,25.06,2.35,0,0,5.33,0,0,50.85,13.82,1.76,0,0,31.19,2.37,0,72.70
135,W07000064,Ceredigion,Wales,Wales,18.37,20.16,28.97,0,29.23,1.51,1.36,0.39,11.02,9.66,35.85,0,27.65,10.23,5.58,0,45.37
136,E14000625,Charnwood,England,East Midlands,60.38,30.77,3.72,0,0,2.67,1.88,0.58,54.31,21.92,6.9,0,0,15.94,0,0.94,57.87
137,E14000626,Chatham and Aylesford,England,South East,57,33.7,2.49,0,0,4.96,1.28,0.58,50.18,23.59,3.16,0,0,19.92,2.56,0.6,63.91
138,E14000627,Cheadle,England,North West,44.59,19.09,36.33,0,0,0,0,0,43.11,16.33,30.96,0,0,8.33,0,1.27,42.65
139,E14000628,Chelmsford,England,East of England,53.68,29.82,12.16,0,0,2.89,1.44,0,51.53,17.62,11.88,0,0,14.22,3.52,1.24,50.68
140,E14000629,Chelsea and Fulham,England,London,52.65,33.21,10.98,0,0,1.24,1.92,0,62.95,23.12,5.2,0,0,5.07,3.66,0,29.10
141,E14000630,Cheltenham,England,South West,46.68,9.49,42.18,0,0,0,1.65,0,46.13,7.26,34.01,0,0,7.09,5,0.51,42.90
142,E14000631,Chesham and Amersham,England,South East,60.66,20.59,12.99,0,0,2.76,3,0,59.05,12.73,9.03,0,0,13.69,5.5,0,44.98
143,E14000640,City of Chester,England,North West,40.49,56.76,2.75,0,0,0,0,0,43.05,43.23,5.61,0,0,8.11,0,0,42.28
144,E14000632,Chesterfield,England,East Midlands,34.76,54.8,5.45,0,0,3.36,1.62,0,18.06,47.91,13.83,0,0,16.51,2.97,0.73,59.29
145,E14000633,Chichester,England,South East,60.14,22.38,11.26,0,0,2.75,3.32,0.14,57.67,12.13,8.51,0,0,14.95,6.55,0.19,50.73
146,E14000634,Chingford and Woodford Green,England,London,49.14,43.95,4.35,0,0,0,2.56,0,47.94,28.79,5.48,0,0,12.88,4.23,0.67,49.88
147,E14000635,Chippenham,England,South West,54.72,19.66,25.62,0,0,0,0,0,47.56,8.23,29.38,0,0,10.62,4.21,0,51.59
148,E14000636,Chipping Barnet,England,London,46.33,45.7,5.43,0,0,0,2.54,0,48.59,34.15,4.49,0,0,7.83,4.72,0.22,41.07
149,E14000637,Chorley,England,North West,41.76,55.26,2.02,0,0,0,0.95,0,36.34,45.1,2.62,0,0,13.53,2.15,0.27,56.75
150,E14000638,Christchurch,England,South West,69.58,19.87,7.94,0,0,0,2.62,0,58.11,9.55,6.56,0,0,21.45,4.32,0,59.96
151,E14000639,Cities of London and Westminster,England,London,46.58,38.44,11.05,0,0,1.1,2.12,0.71,54.08,27.36,6.97,0,0,5.23,5.4,0.96,28.05
152,E14000642,Clacton,England,East of England,61.23,25.38,2.01,0,0,7.6,1.63,2.15,36.66,14.4,1.84,0,0,44.43,2.68,0,73.04
153,E14000643,Cleethorpes,England,Yorkshire and The Humber,57.1,35.37,2.32,0,0,4.23,0.98,0,46.63,29.13,2.99,0,0,18.53,2.25,0.48,69.50
154,W07000062,Clwyd South,Wales,Wales,39.08,50.71,1.95,0,6.12,2.14,0,0,30.37,37.22,3.85,0,10.32,15.63,2.61,0,59.88
155,W07000059,Clwyd West,Wales,Wales,48.07,39.61,2.68,0,9.64,0,0,0,43.29,25.59,3.65,0,12.23,13.12,0,2.12,53.01
156,S14000011,"Coatbridge, Chryston and Bellshill",Scotland,Scotland,16.25,42.61,2.05,39.09,0,0,0,0,6.33,33.92,1.08,56.6,0,2.07,0,0,38.78
157,E14000644,Colchester,England,East of England,45.88,35.28,16.97,0,0,0,1.55,0.33,38.93,16.16,27.46,0,0,12.08,5.14,0.22,51.51
158,E14000645,Colne Valley,England,Yorkshire and The Humber,46.18,47.7,4.13,0,0,0,1.48,0.52,44.45,34.98,6,0,0,10.1,3.38,1.1,50.06
159,E14000646,Congleton,England,North West,56.61,34.16,5.16,0,0,2.29,1.78,0,53.29,20.38,9.07,0,0,13.58,3.68,0,52.61
160,E14000647,Copeland,England,North West,49.06,45.12,3.27,0,0,2.55,0,0,35.8,42.26,3.45,0,0,15.51,2.97,0,59.20
161,E14000648,Corby,England,East Midlands,49.23,44.74,2.58,0,0,2.49,0.97,0,42.77,38.47,2.6,0,0,13.72,2.45,0,60.15
162,E14000837,North Cornwall,England,South West,50.71,12.07,36.58,0,0,0,0,0.63,44.96,5.43,31.23,0,0,12.69,4.28,1.42,60.19
163,E14000938,South East Cornwall,England,South West,55.41,22.64,19.44,0,0,0,2.51,0,50.53,9.29,16.87,0,0,15.24,5.38,2.68,55.10
164,E14000991,The Cotswolds,England,South West,60.64,17.93,16.33,0,0,2,2.93,0.18,56.55,9.25,18.65,0,0,10.92,4.63,0,47.92
165,E14000649,Coventry North East,England,West Midlands,29.93,63.43,2.49,0,0,2.9,1.08,0.17,23.09,52.15,4.75,0,0,14.87,2.95,2.19,57.77
166,E14000650,Coventry North West,England,West Midlands,36.74,53.95,2.58,0,0,3.06,1.34,2.34,31.05,41.01,4,0,0,15.69,4.33,3.91,58.37
167,E14000651,Coventry South,England,West Midlands,38.14,55.04,2.86,0,0,2.21,1.28,0.48,34.98,42.27,4.07,0,0,13.06,3.93,1.68,50.38
168,E14000652,Crawley,England,South East,50.58,45.69,3.74,0,0,0,0,0,47.02,33.58,2.76,0,0,14.37,2.27,0,58.41
169,E14000653,Crewe and Nantwich,England,North West,47.03,47.12,2.42,0,0,3.43,0,0,44.98,37.73,2.75,0,0,14.53,0,0,60.29
170,E14000654,Croydon Central,England,London,42.43,52.33,1.9,0,0,1.82,1.1,0.43,42.98,42.67,2.18,0,0,9.09,2.75,0.35,50.31
171,E14000655,Croydon North,England,London,19.87,74.15,2.78,0,0,1.26,1.65,0.29,22.7,62.62,3.59,0,0,5.42,4.7,0.98,41.17
172,E14000656,Croydon South,England,London,54.42,35.8,5.78,0,0,1.82,1.84,0.35,54.49,24.79,5.97,0,0,10.51,3.73,0.5,45.81
173,S14000012,"Cumbernauld, Kilsyth and Kirkintilloch East",Scotland,Scotland,18.27,33.9,2.82,43.62,0,1.38,0,0,7.88,30.01,2.23,59.88,0,0,0,0,36.99
174,W07000070,Cynon Valley,Wales,Wales,19.39,61.02,1.84,0,13.76,4,0,0,12.06,47.69,2.72,0,16.82,16.33,2.62,1.75,56.73
175,E14000657,Dagenham and Rainham,England,London,39.93,50.08,1.01,0,0,7.08,1.19,0.71,24.37,41.42,1.67,0,0,29.85,1.87,0.82,70.35
176,E14000658,Darlington,England,North East,43.29,50.61,2.3,0,0,2.63,1.17,0,35.19,42.87,4.78,0,0,13.11,3.51,0.54,58.10
177,E14000659,Dartford,England,South East,57.56,33.24,2.63,0,0,4.69,1.49,0.39,48.97,25.42,2.77,0,0,19.91,2.53,0.4,63.98
178,E14000660,Daventry,England,East Midlands,63.71,24.67,7.21,0,0,2.69,1.72,0,58.17,18.07,4.48,0,0,15.8,3.48,0,58.59
179,W07000042,Delyn,Wales,Wales,41.44,52.19,2.62,0,3.76,0,0,0,32.72,40.55,3.68,0,4.81,16.42,1.82,0,54.41
180,E14000661,Denton and Reddish,England,North West,27.99,63.54,2.15,0,0,4.54,1.23,0.55,23.66,50.83,2.47,0,0,18.68,3.79,0.57,60.98
181,E14000662,Derby North,England,East Midlands,44.39,48.53,4.65,0,0,2.43,0,0,36.66,36.56,8.56,0,0,14.6,3.62,0,54.25
182,E14000663,Derby South,England,East Midlands,33.51,58.34,2.71,0,0,4.44,1,0,27.39,49.01,4.21,0,0,15.53,2.96,0.9,61.35
183,E14000664,Derbyshire Dales,England,East Midlands,60,31.1,6.31,0,0,0,2.02,0.57,52.37,22.72,8.37,0,0,11.63,4.59,0.31,51.24
184,E14000814,Mid Derbyshire,England,East Midlands,58.59,35.53,3.56,0,0,0,2.32,0,52.19,25.42,4.8,0,0,13.61,3.98,0,52.47
185,E14000843,North East Derbyshire,England,East Midlands,49.19,43.52,2.76,0,0,3.11,1.43,0,36.72,40.64,4.18,0,0,15.92,2.21,0.34,62.05
186,E14000935,South Derbyshire,England,East Midlands,58.72,35.98,3.55,0,0,0,1.74,0,49.38,26.78,3.72,0,0,17.73,2.4,0,60.35
187,E14000665,Devizes,England,South West,62.74,20.97,9.3,0,0,3.37,3.17,0.44,57.74,12.98,8.07,0,0,15.39,5.82,0,53.53
188,E14000623,Central Devon,England,South West,54.07,26.97,11.7,0,0,2.29,2.65,2.32,52.23,12.83,12.2,0,0,13.17,8.94,0.64,50.89
189,E14000678,East Devon,England,South West,48.53,11.36,2.43,0,0,1.99,0,35.69,46.42,10.22,6.79,0,0,12.56,0,24.01,50.41
190,E14000838,North Devon,England,South West,45.81,12.68,38.03,0,0,2.13,1.35,0,42.7,7.07,29.44,0,0,14.75,5.77,0.26,57.04
191,E14000950,South West Devon,England,South West,59.85,29.93,5.17,0,0,2.91,2.14,0,56.58,16.66,7.48,0,0,14.5,4.78,0,55.08
192,E14001000,Torridge and West Devon,England,South West,56.51,21.73,17.7,0,0,0,2.73,1.33,50.85,10.63,13.22,0,0,18.33,6.96,0,57.19
193,E14000666,Dewsbury,England,Yorkshire and The Humber,45.08,50.96,2.15,0,0,0,1.81,0,39.07,41.78,3.59,0,0,12.4,2.55,0.62,57.15
194,E14000667,Don Valley,England,Yorkshire and The Humber,41.71,52.95,1.86,0,0,0,0,3.48,25.27,46.18,3.5,0,0,23.45,0,1.6,68.49
195,E14000668,Doncaster Central,England,Yorkshire and The Humber,34.36,57.91,2.26,0,0,0,0,5.47,20.75,49.08,4.25,0,0,24.11,0,1.81,66.70
196,E14000669,Doncaster North,England,Yorkshire and The Humber,27.62,60.77,1.67,0,0,6.47,0,3.47,18.32,52.42,2.54,0,0,22.6,1.92,2.2,71.65
197,E14000815,Mid Dorset and North Poole,England,South West,59.24,13.31,27.45,0,0,0,0,0,50.84,5.95,28.19,0,0,12.18,2.84,0,57.08
198,E14000839,North Dorset,England,South West,64.91,18.65,13.56,0,0,0,2.88,0,56.62,8.96,11.66,0,0,17.06,5.69,0,56.61
199,E14000936,South Dorset,England,South West,56.13,33.6,5.88,0,0,0,4.39,0,48.88,24.2,5.97,0,0,15.03,4.68,1.23,59.45
200,E14001031,West Dorset,England,South West,55.51,18.28,23.47,0,0,0,2.74,0,50.18,9.98,21.61,0,0,12.5,5.74,0,51.04
201,E14000670,Dover,England,South East,52.36,39.98,2.57,0,0,3.31,1.78,0,43.28,30.75,3.13,0,0,20.26,2.58,0,63.01
204,E14000671,Dudley North,England,West Midlands,46.44,46.49,0.95,0,0,5.51,0.62,0,30.81,41.81,1.26,0,0,23.99,1.36,0.78,71.43
205,E14000672,Dudley South,England,West Midlands,56.45,36.24,1.63,0,0,4.68,1,0,43.77,32.59,2.17,0,0,18.94,2.54,0,70.42
206,E14000673,Dulwich and West Norwood,England,London,19.49,69.64,7.97,0,0,0,2.51,0.4,22.68,54.07,9.84,0,0,3.13,9.43,0.85,22.94
207,S14000013,Dumfries and Galloway,Scotland,Scotland,43.3,20.88,2.41,32.37,0,0,0,1.04,29.9,24.7,1.68,41.41,0,2.3,0,0,45.11
208,S14000014,"Dumfriesshire, Clydesdale and Tweeddale",Scotland,Scotland,49.38,16.55,3.98,30.1,0,0,0,0,39.82,14.79,2.67,38.29,0,2.82,1.61,0,44.65
209,S14000018,East Dunbartonshire,Scotland,Scotland,14.6,14.54,40.58,30.28,0,0,0,0,8.61,12.31,36.31,40.26,0,1.03,1.47,0,26.87
210,S14000059,West Dunbartonshire,Scotland,Scotland,17.2,37.66,2.29,42.85,0,0,0,0,7.03,31.34,1.6,59.05,0,0,0,0.98,38.01
211,S14000015,Dundee East,Scotland,Scotland,27.36,26.03,3.76,42.84,0,0,0,0,14.95,19.93,2.88,59.7,0,0,1.86,0.68,38.41
212,S14000016,Dundee West,Scotland,Scotland,16.18,33.05,3.07,46.66,0,0,0,1.04,8.61,23.69,2.36,61.91,0,0,2.74,0.68,40.75
213,S14000017,Dunfermline and West Fife,Scotland,Scotland,24.69,33.87,5.92,35.52,0,0,0,0,11.85,31.75,3.99,50.27,0,0,2.14,0,39.39
214,E14000641,City of Durham,England,North East,29.82,55.4,9.91,0,0,2.31,1.65,0.92,22.24,47.29,11.28,0,0,11.46,5.88,1.85,43.34
215,E14000840,North Durham,England,North East,29.98,59.88,4.58,0,0,5.56,0,0,20.93,54.92,5.1,0,0,15.95,3.1,0,60.30
216,E14000856,North West Durham,England,North East,34.48,52.83,7.09,0,0,4.49,1.11,0,23.4,46.88,9.09,0,0,16.97,3.66,0,55.05
217,W07000061,Dwyfor Meirionnydd,Wales,Wales,29.12,20.67,3.09,0,45.1,2.02,0,0,22.65,13.5,3.99,0,40.85,10.81,3.39,4.8,47.43
218,E14000674,Ealing Central and Acton,England,London,34.75,59.7,5.56,0,0,0,0,0,42.69,43.23,6.1,0,0,3.78,3.62,0.57,29.15
219,E14000675,Ealing North,England,London,28.45,65.95,2.43,0,0,1.75,1.41,0,29.72,55.13,3.25,0,0,8.08,3.37,0.44,46.26
220,E14000676,"Ealing, Southall",England,London,21.33,70.26,4.19,0,0,1.12,2.3,0.8,21.67,64.97,3.58,0,0,4.08,4.63,1.06,41.83
221,E14000677,Easington,England,North East,22.71,63.67,1.26,0,0,4.75,1.13,6.48,12.93,61.03,2.41,0,0,18.75,2.12,2.76,65.96
222,E14000679,East Ham,England,London,12.79,83.21,1.16,0,0,1.23,0.84,0.78,12.07,77.57,1.64,0,0,5.01,2.48,1.22,46.27
223,S14000019,"East Kilbride, Strathaven and Lesmahagow",Scotland,Scotland,25.33,31.71,2.94,38.86,0,1.16,0,0,11.78,28.33,1.72,55.63,0,2.02,0,0.53,36.93
224,S14000020,East Lothian,Scotland,Scotland,29.6,36.08,3.11,30.56,0,0,0,0.66,19.51,31.01,2.57,42.54,0,2,2.11,0.27,35.40
225,E14000684,Eastbourne,England,South East,44.09,8.13,46.89,0,0,0,0.89,0,39.57,7.83,38.18,0,0,11.6,2.55,0.26,57.54
226,E14000685,Eastleigh,England,South East,50.43,20,25.68,0,0,2.58,1.31,0,42.27,12.94,25.79,0,0,15.82,2.73,0.45,54.35
227,E14000686,Eddisbury,England,North West,56.88,33.61,5.46,0,0,2.16,1.53,0.35,51.04,23.64,9.06,0,0,12.2,3.43,0.64,52.17
228,S14000022,Edinburgh East,Scotland,Scotland,18.57,34.66,4.25,42.53,0,0,0,0,9.92,29.91,2.81,49.24,0,1.91,5.97,0.25,27.64
229,S14000023,Edinburgh North and Leith,Scotland,Scotland,27.21,31.15,4.56,34.03,0,0,3.05,0,16.17,31.28,4.54,40.93,0,1.46,5.41,0.21,21.80
230,S14000024,Edinburgh South,Scotland,Scotland,19.71,54.91,2.9,22.48,0,0,0,0,17.5,39.14,3.7,33.79,0,1.22,4.24,0.4,22.15
231,S14000025,Edinburgh South West,Scotland,Scotland,33.36,26.75,4.3,35.58,0,0,0,0,20.24,27.19,3.72,42.96,0,2.08,3.81,0,27.86
232,S14000026,Edinburgh West,Scotland,Scotland,21.89,14.92,34.3,28.64,0,0,0,0.25,12.27,11.71,33.12,38.97,0,1.85,2.08,0,28.77
233,E14000687,Edmonton,England,London,23.14,71.48,1.96,0,0,1.97,1.45,0,24.12,61.42,2.17,0,0,8.14,3.29,0.87,45.51
234,E14000688,Ellesmere Port and Neston,England,North West,36.8,59.16,1.75,0,0,1.61,0.67,0,34.33,47.76,3.34,0,0,11.97,2.12,0.48,58.34
235,E14000689,Elmet and Rothwell,England,Yorkshire and The Humber,54.33,37.87,4.38,0,0,0,1.67,1.75,48.41,33.72,4.57,0,0,11.13,2.18,0,56.79
236,E14000690,Eltham,England,London,40.8,54.44,3.16,0,0,0,0,1.6,36.38,42.62,3.03,0,0,15.02,2.95,0,51.82
237,E14000691,Enfield North,England,London,36.92,58.02,2.13,0,0,1.75,1.18,0,41.37,43.72,2.3,0,0,8.96,2.82,0.83,49.22
238,E14000692,"Enfield, Southgate",England,London,42.7,51.71,3.98,0,0,0,1.61,0,49.38,39.01,3.31,0,0,4.6,3.69,0,37.88
239,E14000693,Epping Forest,England,East of England,61.96,26.03,5.68,0,0,3.68,2.43,0.22,54.77,16.13,6.99,0,0,18.34,3.61,0.16,61.01
240,E14000694,Epsom and Ewell,England,South East,59.58,25.04,12.49,0,0,0,2.89,0,58.29,15.52,8.75,0,0,12.45,3.7,1.28,47.78
241,E14000695,Erewash,England,East Midlands,52.11,43,2.5,0,0,0,1.36,1.04,42.71,35.29,3.43,0,0,16.13,2.45,0,63.22
242,E14000696,Erith and Thamesmead,England,London,35.02,57.54,1.69,0,0,3.89,1.14,0.73,27.42,49.77,2.28,0,0,17.29,2.21,1.04,54.63
243,E14000697,Esher and Walton,England,South East,58.61,19.67,17.34,0,0,1.73,1.79,0.86,62.91,12.69,9.43,0,0,9.74,4.13,1.1,41.57
244,E14000698,Exeter,England,South West,32.87,61.95,2.82,0,0,0,1.85,0.5,33.1,46.4,4.3,0,0,9.4,6.46,0.35,44.83
245,S14000028,Falkirk,Scotland,Scotland,26.18,29.79,2.08,38.94,0,1.32,1.69,0,12.14,25.07,2.03,57.72,0,3.03,0,0,42.11
246,E14000699,Fareham,England,South East,62.99,25.19,6.83,0,0,2.7,2.28,0,56.1,14.26,8.8,0,0,15.41,3.89,1.54,55.52
247,E14000700,Faversham and Mid Kent,England,South East,61.09,26.08,6.53,0,0,3.42,2.88,0,54.35,16.16,6.63,0,0,18,3.86,0.99,58.67
248,E14000701,Feltham and Heston,England,London,31.79,61.22,2.62,0,0,2.85,1.53,0,29.11,52.31,3.2,0,0,12.57,2.81,0,55.93
250,S14000049,North East Fife,Scotland,Scotland,24.12,9.63,32.86,32.86,0,0,0,0.54,16.29,7.68,31.33,40.92,0,0,3.06,0.72,36.31
251,E14000702,Filton and Bradley Stoke,England,South West,49.98,41.71,6.02,0,0,0,2.29,0,46.68,26.64,7.29,0,0,14.79,4.6,0,48.77
252,E14000703,Finchley and Golders Green,England,London,46.96,43.79,6.61,0,0,0.88,1.75,0,50.9,39.74,3.27,0,0,3.41,2.67,0,31.10
253,E14000704,Folkestone and Hythe,England,South East,54.69,28.51,7.17,0,0,4.36,4.24,1.03,47.85,14.43,8.87,0,0,22.77,5.37,0.7,61.64
254,E14000705,Forest of Dean,England,South West,54.27,35.92,3.92,0,0,2.39,2.4,1.1,46.83,24.64,5.31,0,0,17.75,5.46,0,57.89
256,E14000706,Fylde,England,North West,58.82,33.42,5.04,0,0,0,2.72,0,49.14,18.78,3.73,0,0,12.79,3.17,12.39,56.73
257,E14000707,Gainsborough,England,East Midlands,61.82,28.72,7.06,0,0,0,2.41,0,52.68,21.32,6.68,0,0,15.69,2.62,1.03,61.96
258,E14000708,Garston and Halewood,England,North West,17.66,77.72,3.22,0,0,0,1.4,0,13.66,69.08,4.65,0,0,9.15,3.45,0,47.96
259,E14000709,Gateshead,England,North East,23.93,65.14,4.06,0,0,5.42,1.45,0,14.5,56.78,6.81,0,0,17.83,4.08,0,56.22
260,E14000710,Gedling,England,East Midlands,42.84,51.92,2.04,0,0,2.21,1,0,36.09,42.31,3.97,0,0,14.44,3.2,0,56.30
261,E14000711,Gillingham and Rainham,England,South East,55.44,36.14,2.81,0,0,4.29,1.06,0.26,47.98,25.62,3.63,0,0,19.54,2.41,0.83,63.58
262,S14000029,Glasgow Central,Scotland,Scotland,13.93,38.43,2.9,44.73,0,0,0,0,6,33.05,1.56,52.54,0,2,3.97,0.89,28.75
263,S14000030,Glasgow East,Scotland,Scotland,18.85,38.57,1.57,38.78,0,1.39,0,0.85,6,32.37,0.75,56.85,0,2.61,0.9,0.53,43.84
264,S14000031,Glasgow North,Scotland,Scotland,14.74,34.47,3.44,37.63,0,0,9.71,0,7.86,27.94,2.74,53.11,0,1.32,6.19,0.85,21.62
265,S14000032,Glasgow North East,Scotland,Scotland,12.92,42.92,2,42.16,0,0,0,0,4.67,33.69,0.79,58.05,0,0,1.62,1.17,40.66
266,S14000033,Glasgow North West,Scotland,Scotland,18.03,35.91,3.57,42.5,0,0,0,0,8.42,30.88,2.72,54.52,0,0,2.66,0.8,31.49
267,S14000034,Glasgow South,Scotland,Scotland,19.09,36.55,3.25,41.1,0,0,0,0,9.74,29.73,2.09,54.89,0,0,2.93,0.61,28.19
268,S14000035,Glasgow South West,Scotland,Scotland,15.61,40.49,1.87,40.66,0,1.36,0,0,4.98,32.84,0.99,57.15,0,2.37,1.24,0.43,40.86
269,S14000036,Glenrothes,Scotland,Scotland,19.5,34.71,2.99,42.8,0,0,0,0,7.74,30.59,1.87,59.79,0,0,0,0,47.61
270,E14000712,Gloucester,England,South West,50.32,40.11,5.02,0,0,2.76,1.39,0.39,45.34,31.55,5.38,0,0,14.26,2.82,0.65,58.90
271,S14000037,Gordon,Scotland,Scotland,40.72,11.81,11.6,35.86,0,0,0,0,11.7,5.92,32.72,47.66,0,2,0,0,38.82
272,E14000713,Gosport,England,South East,61.94,27.15,4.7,0,0,3.62,2.07,0.52,55.31,14.53,6.92,0,0,19.44,3.58,0.22,61.82
273,W07000046,Gower,Wales,Wales,42.69,49.87,2.04,0,3.66,1.41,0,0.33,37.1,37.03,3.63,0,7.14,11.16,2.72,1.23,49.31
274,E14000714,Grantham and Stamford,England,East Midlands,62,26.5,5.51,0,0,3.08,1.38,1.52,52.83,16.87,6.07,0,0,17.51,3.48,3.24,61.00
275,E14000715,Gravesham,England,South East,55.59,36.51,2.47,0,0,3.56,1.48,0.4,46.84,30.14,2.22,0,0,18.56,2.24,0,65.38
276,E14000716,Great Grimsby,England,Yorkshire and The Humber,42.17,49.39,2.69,0,0,4.64,0,1.11,26.31,39.77,4.98,0,0,24.95,2.32,1.67,71.45
277,E14000717,Great Yarmouth,England,East of England,54.14,36.08,2.24,0,0,6.27,1.28,0,42.93,29.09,2.32,0,0,23.09,2.2,0.38,71.50
278,E14000718,Greenwich and Woolwich,England,London,25.42,64.43,7.13,0,0,0,3.02,0,26.62,52.2,5.66,0,0,8.32,6.4,0.79,35.67
279,E14000719,Guildford,England,South East,54.58,19,23.88,0,0,0,2.08,0.47,57.06,12.1,15.47,0,0,8.84,4.74,1.79,41.20
280,E14000720,Hackney North and Stoke Newington,England,London,12.66,75.07,6.78,0,0,0,4.63,0.86,14.73,62.86,5,0,0,2.17,14.59,0.65,20.48
281,E14000721,Hackney South and Shoreditch,England,London,10.92,79.44,5.72,0,0,0,2.75,1.17,13.49,64.38,4.59,0,0,3.82,11.6,2.11,22.78
282,E14000722,Halesowen and Rowley Regis,England,West Midlands,51.85,40.02,1.94,0,0,4.79,0.99,0.41,43.21,36.17,2.07,0,0,16.61,1.94,0,66.59
283,E14000723,Halifax,England,Yorkshire and The Humber,41.7,52.84,2.22,0,0,3.25,0,0,39.03,40.01,3.72,0,0,12.85,2.61,1.78,58.82
284,E14000724,Haltemprice and Howden,England,Yorkshire and The Humber,60.95,31.01,4.83,0,0,0,1.38,1.83,54.17,20.96,6.27,0,0,13.91,3.71,0.98,55.23
285,E14000725,Halton,England,North West,21.63,72.93,1.81,0,0,3,0,0.62,17.78,62.84,2.44,0,0,14.07,2.26,0.62,57.67
286,E14000726,Hammersmith,England,London,28.18,63.87,5.36,0,0,0.97,1.53,0.08,36.41,50,4.64,0,0,4.39,4.39,0.17,31.31
287,E14000680,East Hampshire,England,South East,63.64,16.98,15.17,0,0,0,3.18,1.03,60.67,10.11,11.1,0,0,11.98,6.15,0,49.27
288,E14000844,North East Hampshire,England,South East,65.51,17.32,12.12,0,0,1.84,2.56,0.64,65.88,9.8,10.48,0,0,8.76,4.38,0.71,46.18
289,E14000857,North West Hampshire,England,South East,62.06,23.47,9.71,0,0,2.5,2.27,0,58.07,13.3,9.33,0,0,14.69,4.6,0,54.75
290,E14000727,Hampstead and Kilburn,England,London,32.37,59.01,7.02,0,0,0,1.27,0.34,42.32,44.43,5.63,0,0,2.84,4.42,0.35,23.73
291,E14000728,Harborough,England,East Midlands,52.32,30.74,12.65,0,0,2.36,1.93,0,52.74,15.33,13.41,0,0,14.37,4.15,0,52.37
292,E14000729,Harlow,England,East of England,54.03,38.35,2.16,0,0,3.98,1.47,0,48.86,29.99,2.04,0,0,16.29,2.16,0.65,67.73
293,E14000730,Harrogate and Knaresborough,England,Yorkshire and The Humber,55.48,20.08,23.46,0,0,0,0,0.99,52.74,10.13,22.07,0,0,10.64,4.4,0,47.18
294,E14000731,Harrow East,England,London,49.42,45.97,3.09,0,0,0,1.52,0,50.34,40.63,2.12,0,0,4.76,1.73,0.42,47.48
295,E14000732,Harrow West,England,London,34.41,60.85,2.52,0,0,0.93,1.29,0,42.22,46.96,3.36,0,0,4.39,2.81,0.25,45.06
296,E14000733,Hartlepool,England,North East,34.23,52.51,1.78,0,0,11.48,0,0,20.91,35.64,1.93,0,0,27.99,3.4,10.14,69.57
297,E14000734,Harwich and North Essex,England,East of England,58.51,30.44,5.45,0,0,3.29,2.04,0.28,51.04,19.71,7.38,0,0,17.48,4.38,0,59.00
298,E14000735,Hastings and Rye,England,South East,46.87,46.24,3.44,0,0,2.7,0,0.75,44.55,35.13,3.17,0,0,13.32,3.83,0,55.94
299,E14000736,Havant,England,South East,59.76,25.31,6.05,0,0,4.34,2.42,2.12,51.66,15.95,6.53,0,0,20.61,5.25,0,62.62
300,E14000737,Hayes and Harlington,England,London,28.62,66.52,1.26,0,0,2.41,1.19,0,24.73,59.58,1.97,0,0,11.96,1.76,0,58.25
301,E14000738,Hazel Grove,England,North West,45.43,20.47,32.93,0,0,0,1.17,0,41.38,17.55,26.22,0,0,12.22,2.64,0,52.21
302,E14000739,Hemel Hempstead,England,East of England,54.96,36.9,6.18,0,0,0,1.96,0,52.88,23.82,4.84,0,0,14.61,3.34,0.51,55.49
303,E14000740,Hemsworth,England,Yorkshire and The Humber,33.88,56.02,1.99,0,0,5.64,0,2.47,22.86,51.34,3.2,0,0,20.2,0,2.4,68.13
304,E14000741,Hendon,England,London,48.03,45.98,3.8,0,0,1.09,1.11,0,49.02,41.52,2.19,0,0,5.23,2.05,0,41.57
305,E14000742,Henley,England,South East,59.11,20.06,14.86,0,0,2.02,3.26,0.69,58.46,12.52,11.23,0,0,10.88,6.91,0,43.09
306,E14000743,Hereford and South Herefordshire,England,West Midlands,53.49,23.75,7.04,0,0,2.28,2.42,11.01,52.57,12.79,10.58,0,0,16.83,7.23,0,60.42
307,E14000847,North Herefordshire,England,West Midlands,61.97,18.92,11.71,0,0,0,5.52,1.87,55.63,11.41,12.01,0,0,13.99,6.96,0,58.02
308,E14000744,Hertford and Stortford,England,East of England,60.31,28.59,8.08,0,0,0,3.02,0,56.14,17.92,7.79,0,0,13.39,4.76,0,49.24
309,E14000845,North East Hertfordshire,England,East of England,58.63,28.34,7.69,0,0,0,5.33,0,55.37,18.87,7.56,0,0,12.87,5.33,0,51.43
310,E14000951,South West Hertfordshire,England,East of England,57.92,25.68,11.67,0,0,2.13,2.6,0,56.94,16.32,10.25,0,0,11.53,4.51,0.45,46.20
311,E14000745,Hertsmere,England,East of England,61.1,28.66,5.35,0,0,2.99,1.89,0,59.28,22.43,5.54,0,0,12.74,0,0,50.84
312,E14000746,Hexham,England,North East,54.08,34.09,7.11,0,0,2.01,2.71,0,52.68,24.92,6.83,0,0,9.93,5.64,0,45.34
313,E14000747,Heywood and Middleton,England,North West,38.02,53.3,2.18,0,0,6.5,0,0,19.09,43.11,3.31,0,0,32.2,2.29,0,62.43
314,E14000748,High Peak,England,East Midlands,45.37,49.68,4.96,0,0,0,0,0,44.96,35.33,4.7,0,0,11.44,3.57,0,50.55
315,E14000749,Hitchin and Harpenden,England,East of England,53.06,32.59,10.61,0,0,0,2.26,1.48,56.86,20.65,8.1,0,0,8.88,5.51,0,39.79
316,E14000750,Holborn and St Pancras,England,London,18.36,70.08,6.81,0,0,1.23,3.36,0.16,21.88,52.92,6.47,0,0,4.99,12.77,0.97,26.66
317,E14000751,Hornchurch and Upminster,England,London,60.22,28.6,2.45,0,0,6.25,1.92,0.57,48.97,20.1,2.72,0,0,25.3,2.55,0.35,69.49
318,E14000752,Hornsey and Wood Green,England,London,14.84,65.4,16.05,0,0,0.69,1.9,1.12,9.25,50.91,31.77,0,0,2.2,5.44,0.42,24.98
319,E14000753,Horsham,England,South East,59.54,21.65,12.33,0,0,2.47,2.97,1.03,57.32,11.42,11.68,0,0,14,3.86,1.73,49.49
320,E14000754,Houghton and Sunderland South,England,North East,29.71,59.46,2.19,0,0,5.74,1.75,1.15,18.46,55.13,2.06,0,0,21.51,2.84,0,62.43
321,E14000755,Hove,England,South East,31.57,64.14,2.28,0,0,0,1.69,0.32,39.92,42.29,3.56,0,0,6.25,6.84,1.13,32.95
322,E14000756,Huddersfield,England,Yorkshire and The Humber,33,60.39,2.63,0,0,0,3.18,0.8,26.78,44.93,5.84,0,0,14.69,6.91,0.84,51.85
323,E14000771,Kingston upon Hull East,England,Yorkshire and The Humber,29.91,58.29,3.43,0,0,7.02,1.35,0,15.91,51.73,6.53,0,0,22.37,2.29,1.17,72.83
324,E14000772,Kingston upon Hull North,England,Yorkshire and The Humber,25.22,63.8,5.03,0,0,4.31,1.63,0,15.02,52.81,8.99,0,0,16.31,5.85,1.04,59.79
325,E14000773,Kingston upon Hull West and Hessle,England,Yorkshire and The Humber,29.85,53.07,6.39,0,0,4.05,0.96,5.68,17.49,49.2,9.96,0,0,19.85,2.97,0.54,67.99
326,E14000757,Huntingdon,England,East of England,55.12,30.88,8.52,0,0,3.65,1.83,0,53.02,18.33,7.82,0,0,16.94,3.89,0,53.49
327,E14000758,Hyndburn,England,North West,40.5,53.36,1.82,0,0,4.32,0,0,31.89,42.15,2,0,0,21.34,2.62,0,65.82
328,E14000759,Ilford North,England,London,39.57,57.78,1.95,0,0,0,0,0.7,42.66,43.86,2.31,0,0,8.9,2.09,0.18,53.31
329,E14000760,Ilford South,England,London,20.95,75.83,1.34,0,0,0.83,0.94,0.11,25.92,64.02,1.95,0,0,5.21,2.9,0,43.31
330,S14000038,Inverclyde,Scotland,Scotland,21.48,37.52,2.5,38.5,0,0,0,0,9.97,30.31,2.48,55.11,0,1.6,0,0.52,36.20
331,S14000039,"Inverness, Nairn, Badenoch and Strathspey",Scotland,Scotland,30.53,16.2,12.27,39.85,0,0,0,1.16,5.92,7.48,31.29,50.05,0,2.15,2.37,0.73,40.13
332,E14000761,Ipswich,England,East of England,45.75,47.37,2.32,0,0,2.68,1.64,0.24,44.76,37.09,2.88,0,0,11.71,3.57,0,56.52
333,E14000762,Isle of Wight,England,South East,51.28,22.99,3.68,0,0,2.58,17.34,2.14,40.67,12.78,7.45,0,0,21.18,13.38,4.55,61.95
334,E14000763,Islington North,England,London,12.51,72.98,9,0,0,0.75,4.06,0.7,17.19,60.24,8.09,0,0,4,10.24,0.23,21.61
335,E14000764,Islington South and Finsbury,England,London,20.66,62.83,12.09,0,0,1.93,2.49,0,22.22,50.93,10.91,0,0,7.62,7.61,0.7,28.28
336,W07000077,Islwyn,Wales,Wales,27.22,58.84,1.9,0,7.59,4.45,0,0,15.16,48.97,2.68,0,10.72,19.58,1.86,1.03,58.94
337,E14000765,Jarrow,England,North East,25,65.13,2.7,0,0,5.43,1.73,0,17.07,55.66,3.21,0,0,19.66,3.4,1,61.78
338,E14000766,Keighley,England,Yorkshire and The Humber,46.06,46.52,2.37,0,0,2.5,1.53,1.03,44.31,38.09,2.69,0,0,11.53,3.38,0,53.33
339,E14000767,Kenilworth and Southam,England,West Midlands,60.81,25.59,9.59,0,0,1.81,2.21,0,58.36,15.31,10.07,0,0,11.2,4.01,1.04,46.21
340,E14000768,Kensington,England,London,42.18,42.23,12.21,0,0,0,1.98,1.4,52.25,31.12,5.63,0,0,4.47,5.07,1.46,31.20
341,E14000769,Kettering,England,East Midlands,57.92,36.54,3.28,0,0,0,2.26,0,51.82,25.15,3.16,0,0,16.1,3.46,0.32,60.99
342,S14000040,Kilmarnock and Loudoun,Scotland,Scotland,26.67,28.86,2.14,42.34,0,0,0,0,12.53,30.35,1.46,55.66,0,0,0,0,39.45
343,E14000770,Kingston and Surbiton,England,London,38.09,14.8,44.73,0,0,1.09,0.86,0.43,39.24,14.47,34.45,0,0,7.29,3.92,0.63,40.84
344,E14000774,Kingswood,England,South West,54.89,39.5,3.59,0,0,0,2.02,0,48.32,29.6,3.8,0,0,14.82,2.85,0.62,57.12
345,S14000041,Kirkcaldy and Cowdenbeath,Scotland,Scotland,23.3,36.84,2.42,36.28,0,1.17,0,0,9.87,33.38,2.17,52.23,0,2.34,0,0,43.26
346,E14000775,Knowsley,England,North West,9.26,85.34,2.14,0,0,2.32,0.94,0,6.64,78.12,2.94,0,0,9.8,2.5,0,52.34
348,S14000042,Lanark and Hamilton East,Scotland,Scotland,32.05,31.87,2.41,32.58,0,1.09,0,0,15.87,30.54,2.18,48.82,0,2.59,0,0,35.96
349,E14001033,West Lancashire,England,North West,37.4,58.89,1.97,0,0,0,1.25,0.49,32.44,49.27,2.61,0,0,12.2,3.18,0.3,54.95
350,E14000776,Lancaster and Fleetwood,England,North West,40.62,55.1,2.54,0,0,0,1.73,0,39.24,42.27,3.33,0,0,9.73,5.01,0.42,51.99
351,E14000777,Leeds Central,England,Yorkshire and The Humber,20.46,70.17,2.23,0,0,4.31,2.49,0.33,17.29,54.96,3.39,0,0,15.72,7.9,0.73,45.96
352,E14000778,Leeds East,England,Yorkshire and The Humber,30.59,61.36,1.78,0,0,4.2,1.05,1.02,20.94,53.75,3.39,0,0,19,2.92,0,61.44
353,E14000779,Leeds North East,England,Yorkshire and The Humber,31.03,63.09,3.68,0,0,0,1.28,0.92,32.9,47.91,5.32,0,0,7.67,5.26,0.93,37.42
354,E14000780,Leeds North West,England,Yorkshire and The Humber,19.65,44.11,34.98,0,0,0,1.26,0,18.64,30.08,36.78,0,0,6.91,7.02,0.57,35.41
355,E14000781,Leeds West,England,Yorkshire and The Humber,26.16,63.97,2.14,0,0,4.3,2.42,1.01,20.12,48.03,3.89,0,0,18.49,8.37,1.1,53.27
356,E14000782,Leicester East,England,East Midlands,24.2,66.98,2.56,0,0,0,2.04,4.21,22.95,61.13,2.57,0,0,8.92,3.05,1.37,54.06
357,E14000783,Leicester South,England,East Midlands,21.57,73.55,2.55,0,0,0,2.33,0,20.96,59.8,4.63,0,0,8.34,5.51,0.76,42.44
358,E14000784,Leicester West,England,East Midlands,31.36,60.84,2.11,0,0,3.75,1.62,0.32,25.63,46.49,4.37,0,0,17.24,5.44,0.83,50.84
359,E14000858,North West Leicestershire,England,East Midlands,58.19,33.37,6.39,0,0,0,2.06,0,49.48,27.42,3.94,0,0,16.89,2.28,0,60.70
360,E14000940,South Leicestershire,England,East Midlands,61.38,28.51,4.24,0,0,3.94,1.93,0,53.22,22.02,7.39,0,0,17.36,0,0,58.14
361,E14000785,Leigh,England,North West,35.83,56.21,2.03,0,0,5.94,0,0,22.64,53.88,2.55,0,0,19.73,0,1.2,63.29
362,E14000786,Lewes,England,South East,49.49,11.18,39.33,0,0,0,0,0,38,9.89,35.86,0,0,10.74,5.51,0,47.14
363,E14000789,"Lewisham, Deptford",England,London,13.72,77.04,5.28,0,0,0,2.98,0.98,14.88,60.25,5.27,0,0,4.24,12.51,2.86,24.43
364,E14000787,Lewisham East,England,London,23.01,67.95,4.42,0,0,1.69,1.7,1.24,22.31,55.7,5.72,0,0,9.05,5.66,1.57,35.37
365,E14000788,Lewisham West and Penge,England,London,23.03,66.57,6.24,0,0,1.32,2.15,0.7,24.17,50.59,7.71,0,0,7.82,8.47,1.24,34.59
366,E14000790,Leyton and Wanstead,England,London,20.85,69.81,6.41,0,0,0,2.93,0,21.96,58.61,5.66,0,0,5.75,7.31,0.71,34.76
367,E14000791,Lichfield,England,West Midlands,63.56,28.84,4.96,0,0,0,2.65,0,55.16,19.82,5.25,0,0,15.7,3.84,0.23,57.51
368,E14000792,Lincoln,England,East Midlands,44.74,47.89,2.64,0,0,2.64,1.2,0.89,42.64,39.56,4.25,0,0,12.21,0,1.34,57.43
369,S14000043,Linlithgow and East Falkirk,Scotland,Scotland,29.08,31.14,3.43,36.35,0,0,0,0,11.99,31.04,2.03,52.04,0,2.73,0,0.17,42.02
370,E14000793,"Liverpool, Riverside",England,North West,9.69,84.55,2.47,0,0,0,3.29,0,9.59,67.4,3.88,0,0,5.67,12.14,1.31,27.30
371,E14000794,"Liverpool, Walton",England,North West,8.59,85.73,1.51,0,0,0,1.24,2.93,4.69,81.3,2.34,0,0,8.97,2.49,0.21,52.17
372,E14000795,"Liverpool, Wavertree",England,North West,12.03,79.55,6.55,0,0,0,1.37,0.49,10,69.31,5.99,0,0,8.24,5.22,1.23,35.26
373,E14000796,"Liverpool, West Derby",England,North West,9.88,82.75,1.21,0,0,0,0.73,5.44,6.6,75.17,2.34,0,0,8.47,2.43,4.99,49.82
374,S14000044,Livingston,Scotland,Scotland,24.38,32.68,2.88,40.06,0,0,0,0,10.3,27.62,2.14,56.89,0,3.05,0,0,43.26
375,W07000045,Llanelli,Wales,Wales,23.66,53.46,1.36,0,18.22,3.3,0,0,14.35,41.34,1.95,0,22.95,16.25,1.79,1.37,56.67
377,E14000797,Loughborough,England,East Midlands,49.9,42.02,3.58,0,0,2.71,1.79,0,49.52,31.87,4.09,0,0,10.97,3.55,0,50.09
378,E14000798,Louth and Horncastle,England,East Midlands,63.92,26.7,3.77,0,0,4.66,0,0.94,51.17,18.03,4.48,0,0,21.41,3.08,1.83,68.90
379,E14000799,Ludlow,England,West Midlands,62.9,24.31,10.68,0,0,0,2.11,0,54.29,12.28,13.46,0,0,14.91,5.07,0,57.88
380,E14000800,Luton North,England,East of England,33.03,63.84,1.73,0,0,0,1.39,0,29.92,52.25,3.05,0,0,12.49,2.28,0,59.15
381,E14000801,Luton South,England,East of England,32.25,62.44,2.29,0,0,1.72,0.95,0.35,30.67,44.2,7.54,0,0,12.15,2.93,2.51,54.60
382,E14000802,Macclesfield,England,North West,52.65,36.8,6.17,0,0,0,2.23,2.14,52.55,22.69,7.75,0,0,12.17,4.85,0,47.18
383,E14000803,Maidenhead,England,South East,64.76,19.34,11.23,0,0,1.5,1.56,1.62,65.83,11.87,9.91,0,0,8.43,3.56,0.4,45.03
384,E14000804,Maidstone and The Weald,England,South East,56.38,22.11,16.35,0,0,3.12,1.72,0.33,45.48,10.53,24.07,0,0,15.86,2.79,1.27,55.92
385,E14000805,Makerfield,England,North West,31.33,60.18,2.82,0,0,0,0,5.67,19.54,51.82,3.66,0,0,22.45,2.54,0,64.91
386,E14000806,Maldon,England,East of England,67.95,21.28,4.34,0,0,3.78,2.14,0.51,60.59,11.84,4.49,0,0,14.66,3.13,5.29,60.96
387,E14000807,Manchester Central,England,North West,14.17,77.41,3.37,0,0,2.95,1.7,0.39,13.53,61.26,4.12,0,0,11.1,8.47,1.52,36.36
388,E14000808,"Manchester, Gorton",England,North West,7.3,76.35,5.65,0,0,2.07,2.26,6.37,9.67,67.08,4.24,0,0,8.17,9.78,1.06,38.21
389,E14000809,"Manchester, Withington",England,North West,10.32,71.68,15.95,0,0,0,1.61,0.44,9.75,53.72,23.96,0,0,4.35,8.1,0.12,24.94
390,E14000810,Mansfield,England,East Midlands,46.64,44.53,1.39,0,0,5.29,0,2.15,28.16,39.42,3.48,0,0,25.11,3.15,0.69,70.86
391,E14000811,Meon Valley,England,South East,65.74,18.33,10.89,0,0,2.65,2.4,0,61.06,10.94,9.64,0,0,14.82,3.54,0,51.93
392,E14000812,Meriden,England,West Midlands,61.99,26.86,4.87,0,0,3.69,2.59,0,54.73,19,5.01,0,0,16.93,4.13,0.19,58.81
393,W07000071,Merthyr Tydfil and Rhymney,Wales,Wales,18.1,66.8,2.51,0,8.17,4.42,0,0,10.06,53.86,4.13,0,9.47,18.66,1.84,1.97,58.35
394,E14000819,Middlesbrough,England,North East,26.74,65.67,1.03,0,0,4.07,0.7,1.77,16.47,56.82,3.73,0,0,18.67,4.3,0,66.08
395,E14000820,Middlesbrough South and East Cleveland,England,North East,49.65,47.51,2.84,0,0,0,0,0,37.05,42.02,3.42,0,0,15.18,2.32,0,65.27
396,S14000045,Midlothian,Scotland,Scotland,25.45,36.35,3.8,34.4,0,0,0,0,11.92,30.2,2.34,50.59,0,2.43,2.52,0,37.94
397,E14000821,Milton Keynes North,England,South East,47.5,44.42,3.91,0,0,2.17,1.73,0.26,47.22,30.32,6.2,0,0,11.88,3.91,0.48,49.67
398,E14000822,Milton Keynes South,England,South East,47.53,44.86,2.94,0,0,2.84,1.83,0,46.82,32.11,3.92,0,0,13.24,3.28,0.63,53.08
399,E14000823,Mitcham and Morden,England,London,24.24,68.66,3.1,0,0,2.19,1.34,0.46,23.17,60.65,3.05,0,0,9.5,3.15,0.48,44.69
400,E14000824,Mole Valley,England,South East,61.86,13.86,19.31,0,0,2.38,2.58,0,60.63,8.28,14.47,0,0,11.21,5.4,0,47.31
401,W07000054,Monmouth,Wales,Wales,53.1,36.6,4.15,0,2.69,1.53,1.92,0,49.94,26.8,5.26,0,3.95,10.41,3.43,0.21,48.06
402,W07000063,Montgomeryshire,Wales,Wales,51.8,15.88,25.19,0,5.62,0,1.5,0,45.04,5.63,29.27,0,5.17,11.17,3.73,0,55.84
403,S14000046,Moray,Scotland,Scotland,47.55,10.94,2.26,38.82,0,0,0,0.43,31.09,9.94,2.83,49.48,0,3.93,2.73,0,49.87
404,E14000825,Morecambe and Lunesdale,England,North West,47.69,44.62,3.72,0,0,2.92,1.05,0,45.54,34.92,3.73,0,0,12.39,3.23,0.2,58.19
405,E14000826,Morley and Outwood,England,Yorkshire and The Humber,50.71,46.69,2.6,0,0,0,0,0,38.91,38.04,2.96,0,0,16.48,2.62,0.99,59.82
406,S14000047,Motherwell and Wishaw,Scotland,Scotland,20.25,37.76,2.19,38.52,0,1.27,0,0,7.66,31.88,1.25,56.54,0,2.67,0,0,37.71
407,S14000027,Na h-Eileanan an Iar,Scotland,Scotland,16.47,33.78,1.69,40.58,0,0,0,7.48,7.62,28.61,2.86,54.35,0,0,0,6.56,43.90
408,W07000069,Neath,Wales,Wales,23.72,56.71,1.91,0,13.95,3.71,0,0,15.33,43.81,3.16,0,18.1,16.41,3.19,0,54.02
409,E14000827,New Forest East,England,South East,62.61,19.79,15.16,0,0,0,2.44,0,56.26,12.17,9.36,0,0,17.51,4.71,0,60.18
410,E14000828,New Forest West,England,South East,66.84,19.62,9.63,0,0,0,2.93,0.97,59.95,10.83,6.95,0,0,16.49,5.8,0,55.26
411,E14000829,Newark,England,East Midlands,62.67,29.69,5.06,0,0,2.58,0,0,57.04,21.72,4.56,0,0,12.03,3.43,1.22,55.70
412,E14000830,Newbury,England,South East,61.46,14.13,21.4,0,0,0,2.52,0.5,61.03,8.44,15.02,0,0,10.81,4.06,0.64,47.81
413,E14000834,Newcastle-under-Lyme,England,West Midlands,48.11,48.18,3.7,0,0,0,0,0,36.91,38.42,4.25,0,0,16.87,2.9,0.66,61.64
414,E14000831,Newcastle upon Tyne Central,England,North East,24.62,64.89,4.88,0,0,4,1.6,0,18.89,55.01,6.32,0,0,14.86,4.91,0,48.00
415,E14000832,Newcastle upon Tyne East,England,North East,21.29,67.55,6.18,0,0,3.16,1.81,0,17.55,49.41,11.04,0,0,12.52,8.73,0.74,41.07
416,E14000833,Newcastle upon Tyne North,England,North East,33.92,55.35,5.25,0,0,3.69,1.06,0.73,23.47,46.09,9.73,0,0,16.59,3.37,0.75,56.83
417,W07000055,Newport East,Wales,Wales,34.77,56.5,2.62,0,2.39,3.2,0,0.51,27.3,40.7,6.41,0,3.51,18.42,2.53,1.13,59.33
418,W07000056,Newport West,Wales,Wales,39.29,52.31,2.25,0,2.48,2.53,1.14,0,32.53,41.22,3.92,0,3.98,15.2,3.15,0,53.66
420,E14000835,Newton Abbot,England,South West,55.45,22.22,20.53,0,0,0,1.79,0,47.24,9.81,23.96,0,0,13.94,4.59,0.46,56.01
421,E14000816,Mid Norfolk,England,East of England,58.97,30.07,5.12,0,0,3.76,2.08,0,52.11,18.36,6.32,0,0,19.02,4.2,0,60.60
422,E14000848,North Norfolk,England,East of England,41.67,9.93,48.4,0,0,0,0,0,30.87,10.21,39.06,0,0,16.85,3.01,0,58.40
423,E14000859,North West Norfolk,England,East of England,60.25,32,2.85,0,0,3.15,1.74,0,52.2,22.75,3.53,0,0,17.76,3.76,0,65.78
424,E14000941,South Norfolk,England,East of England,58.22,30.93,8.3,0,0,0,2.54,0,54.26,18.38,8.21,0,0,13.74,5.41,0,50.88
425,E14000952,South West Norfolk,England,East of England,62.76,27.82,4.51,0,0,4.91,0,0,50.92,17.26,4.42,0,0,23.26,4.14,0,66.67
426,E14000836,"Normanton, Pontefract and Castleford",England,Yorkshire and The Humber,30.02,59.5,1.41,0,0,6.16,0,2.91,20.85,54.93,2.9,0,0,21.32,0,0,69.26
427,E14000861,Northampton North,England,East Midlands,47.22,45.22,2.51,0,0,3.48,1.58,0,42.37,34.14,3.55,0,0,16.12,3.81,0,60.27
428,E14000862,Northampton South,England,East Midlands,46.87,44.04,3.42,0,0,3.97,1.7,0,41.57,31.81,4.3,0,0,18.3,3.61,0.41,59.00
429,E14000942,South Northamptonshire,England,East Midlands,62.46,27.32,5.57,0,0,2.1,2.09,0.46,60.15,16.74,5.94,0,0,13.48,3.69,0,53.34
430,E14000863,Norwich North,England,East of England,47.72,46.61,3.22,0,0,0,1.7,0.74,43.71,33.47,4.34,0,0,13.73,4.45,0.3,56.73
431,E14000864,Norwich South,England,East of England,30.6,60.96,5.53,0,0,0,2.91,0,23.48,39.27,13.63,0,0,9.37,13.93,0.32,40.53
432,E14000865,Nottingham East,England,East Midlands,21.64,71.46,2.55,0,0,2.08,1.77,0.5,20.77,54.55,4.19,0,0,9.94,9.86,0.68,42.88
433,E14000866,Nottingham North,England,East Midlands,31.07,60.2,1.76,0,0,5.57,1.4,0,21,54.56,2.4,0,0,18.51,3.08,0.45,63.81
434,E14000867,Nottingham South,England,East Midlands,30.86,62.36,3.25,0,0,2.29,1.24,0,31.66,47.62,3.52,0,0,11.27,5.4,0.53,46.47
435,E14000868,Nuneaton,England,West Midlands,51.57,41.28,1.98,0,0,3.51,1.66,0,45.52,34.85,1.78,0,0,14.39,2.8,0.65,64.51
436,S14000050,Ochil and South Perthshire,Scotland,Scotland,41.48,20.02,3.22,35.28,0,0,0,0,20.71,28.43,2.56,46,0,2.3,0,0,39.50
437,W07000074,Ogmore,Wales,Wales,25.14,62.43,1.6,0,7.52,3.32,0,0,15.94,52.94,3.04,0,10.09,15.38,2.14,0.47,58.90
438,E14000869,Old Bexley and Sidcup,England,London,61.5,29.31,3.27,0,0,3.37,1.71,0.85,52.8,18.99,3.52,0,0,18.24,2.86,3.59,62.43
439,E14000870,Oldham East and Saddleworth,England,North West,37.09,54.49,3.58,0,0,4.84,0,0,25.91,39.41,12.85,0,0,19.24,2.59,0,59.92
440,E14000871,Oldham West and Royton,England,North West,27.62,65.18,2.09,0,0,4.15,0.96,0,18.98,54.78,3.68,0,0,20.61,1.94,0,61.31
441,S14000051,Orkney and Shetland,Scotland,Scotland,8.7,11.44,48.6,28.99,0,1.22,0,1.05,8.91,7.15,41.39,37.79,0,4.76,0,0,40.28
442,E14000872,Orpington,England,London,62.94,24.38,6.57,0,0,4.01,2.1,0,57.42,15.59,6.79,0,0,16.67,3.53,0,57.54
443,E14000873,Oxford East,England,South East,21.96,65.16,9.1,0,0,0,3.31,0.47,19.88,50.02,10.76,0,0,6.81,11.62,0.91,32.53
444,E14000874,Oxford West and Abingdon,England,South East,42.39,12.62,43.75,0,0,1.25,0,0,45.68,12.71,28.95,0,0,6.92,4.36,1.38,38.03
445,S14000052,Paisley and Renfrewshire North,Scotland,Scotland,27.55,31.84,3.17,37.45,0,0,0,0,12.25,32.75,2.09,50.73,0,0,1.39,0.78,35.55
446,S14000053,Paisley and Renfrewshire South,Scotland,Scotland,19.47,34.58,3.18,40.67,0,0,0,2.1,7.63,38.64,2.18,50.94,0,0,0,0.6,34.80
447,E14000875,Pendle,England,North West,49.02,46.17,2.1,0,0,0,1.12,1.6,47.2,34.93,3.35,0,0,12.18,2.35,0,63.15
448,E14000876,Penistone and Stocksbridge,England,Yorkshire and The Humber,43.15,45.81,4.1,0,0,6.94,0,0,27.68,42.03,6.31,0,0,22.92,0,1.07,60.65
449,E14000877,Penrith and The Border,England,North West,60.42,26.18,7.84,0,0,2.46,2.21,0.89,59.66,14.36,8.53,0,0,12.19,5.27,0,55.20
450,S14000054,Perth and North Perthshire,Scotland,Scotland,42.28,10.38,5.02,42.32,0,0,0,0,32.73,8.14,3.8,50.51,0,2.05,2.11,0.65,39.90
451,E14000878,Peterborough,England,East of England,46.8,48.07,3.35,0,0,0,1.78,0,39.69,35.6,3.77,0,0,15.9,2.59,2.45,61.31
452,E14000879,"Plymouth, Moor View",England,South West,51.89,40.84,2.02,0,0,4.07,1.18,0,37.6,35.19,2.97,0,0,21.48,2.4,0.36,66.44
453,E14000880,"Plymouth, Sutton and Devonport",England,South West,39.99,53.28,2.43,0,0,2.66,1.18,0.46,37.78,36.69,4.19,0,0,14.03,7.09,0.22,54.41
454,W07000075,Pontypridd,Wales,Wales,26.71,55.4,4.92,0,10.28,2.68,0,0,17.34,41.06,12.95,0,11.48,13.42,2.62,1.14,46.51
455,E14000881,Poole,England,South West,57.95,29.45,8.89,0,0,0,2.61,1.11,50.1,12.88,11.76,0,0,16.79,4.64,3.84,57.42
456,E14000882,Poplar and Limehouse,England,London,20.14,67.26,6.73,0,0,1.44,1.68,2.74,25.39,58.55,4.21,0,0,6.13,4.83,0.89,34.21
457,E14000883,Portsmouth North,England,South East,54.78,33.67,5.52,0,0,4.08,1.68,0.28,47.02,23.81,6.23,0,0,19.08,3.19,0.67,63.69
458,E14000884,Portsmouth South,England,South East,37.55,41.04,17.28,0,0,2.53,1.6,0,34.81,19.53,22.3,0,0,13.35,7.51,2.51,51.76
459,W07000065,Preseli Pembrokeshire,Wales,Wales,43.37,42.63,2.62,0,6.42,2.01,0,2.94,40.4,28.14,1.92,0,6.21,10.5,3.58,9.25,55.32
460,E14000885,Preston,England,North West,23.84,68.01,3.38,0,0,3.79,0.98,0,19.98,56.04,3.72,0,0,15.35,4.91,0,55.67
461,E14000886,Pudsey,England,Yorkshire and The Humber,47.35,46.74,3.26,0,0,0,0,2.65,46.41,37.58,3.78,0,0,9.21,3.02,0,48.58
462,E14000887,Putney,England,London,44.1,40.78,11.62,0,0,1.02,2.36,0.12,53.76,29.99,6.35,0,0,4.65,4.83,0.43,27.76
463,E14000888,Rayleigh and Wickford,England,East of England,66.72,24.34,2.81,0,0,4.2,1.92,0,54.66,12.6,3.05,0,0,22.28,2.87,4.54,67.65
464,E14000889,Reading East,England,South East,42.26,49.05,6.12,0,0,0,1.98,0.6,45.98,33.07,7.37,0,0,7.22,6.37,0,38.25
465,E14000890,Reading West,England,South East,48.9,43.34,5.87,0,0,0,1.89,0,47.69,33.95,4.87,0,0,9.97,2.9,0.63,51.51
466,E14000891,Redcar,England,North East,33.22,55.51,6.69,0,0,4.58,0,0,16.2,43.86,18.47,0,0,18.37,2.15,0.95,67.67
467,E14000892,Redditch,England,West Midlands,52.32,36.04,2.59,0,0,3.03,0.84,5.17,47.1,31.11,3.06,0,0,16.18,2.18,0.38,60.99
468,E14000893,Reigate,England,South East,57.4,24.68,10.94,0,0,2.86,4.11,0,56.77,12.81,10.46,0,0,13.28,6.69,0,47.98
469,S14000021,East Renfrewshire,Scotland,Scotland,40,26.7,2.07,31.23,0,0,0,0,21.97,34.01,1.88,40.57,0,1.57,0,0,25.68
470,W07000052,Rhondda,Wales,Wales,10.12,64.05,0.84,0,22.32,2.67,0,0,6.71,50.66,1.5,0,27.02,12.68,1.44,0,60.45
471,E14000894,Ribble Valley,England,North West,57.82,33.91,5.88,0,0,0,2.38,0,48.63,22.58,5.28,0,0,15.79,4.2,3.53,58.73
472,E14000895,Richmond (Yorks),England,Yorkshire and The Humber,63.95,23.42,5.89,0,0,0,3.05,3.69,51.38,13.19,6.42,0,0,15.17,4.28,9.55,54.71
473,E14000896,Richmond Park,England,London,45.14,9.12,45.07,0,0,0.67,0,0,58.21,12.34,19.27,0,0,4.17,6,0,28.69
474,E14000897,Rochdale,England,North West,28.41,58.02,8.05,0,0,3.28,0,2.25,17.04,46.14,10.27,0,0,18.75,3.04,4.75,57.45
475,E14000898,Rochester and Strood,England,South East,54.37,36.05,2.21,0,0,5.38,1.45,0.54,44.07,19.8,2.38,0,0,30.48,2.89,0.38,63.69
476,E14000899,Rochford and Southend East,England,East of England,48.71,36.96,2.68,0,0,3.76,1.7,6.19,46.42,24.69,3.35,0,0,20.52,5.03,0,60.92
477,E14000900,Romford,England,London,59.41,31.82,2.43,0,0,4.71,1.63,0,50.97,20.88,2.87,0,0,22.79,2.48,0,69.29
478,E14000901,Romsey and Southampton North,England,South East,57.19,19.18,21.19,0,0,0,1.9,0.54,54.31,11.88,17.71,0,0,11.39,4.71,0,46.08
479,S14000055,"Ross, Skye and Lochaber",Scotland,Scotland,24.86,12.21,20.91,40.26,0,0,0,1.76,6.21,4.89,35.86,48.12,0,1.95,2.51,0.46,43.49
480,E14000902,Rossendale and Darwen,England,North West,50.84,44.43,3.09,0,0,0,1.64,0,46.6,35.07,1.64,0,0,14,2.13,0.55,58.94
481,E14000903,Rother Valley,England,Yorkshire and The Humber,40.29,48.13,2.33,0,0,7.48,1.76,0,23.28,43.6,4.24,0,0,28.08,0,0.8,66.72
482,E14000904,Rotherham,England,Yorkshire and The Humber,26.41,56.44,4.63,0,0,8.74,0,3.78,12.31,52.51,2.89,0,0,30.18,0,2.12,68.35
483,E14000905,Rugby,England,West Midlands,54.29,38.3,5.55,0,0,0,1.86,0,49.06,27.95,5.66,0,0,13.99,2.89,0.46,58.62
484,E14000906,"Ruislip, Northwood and Pinner",England,London,57.24,31.05,7.14,0,0,2.19,2.38,0,59.59,20.1,4.95,0,0,10.93,3.52,0.91,49.54
485,E14000907,Runnymede and Weybridge,England,South East,60.91,25.94,7.3,0,0,3.25,2.61,0,59.74,15.52,6.72,0,0,13.89,4.14,0,49.85
486,E14000908,Rushcliffe,England,East Midlands,51.83,38.09,4.73,0,0,2.56,2.79,0,51.4,26.33,5.04,0,0,10.77,6.45,0,41.47
487,S14000056,Rutherglen and Hamilton West,Scotland,Scotland,19.54,37.55,4.24,37.03,0,0.91,0,0.73,7.55,35.24,1.81,52.55,0,2.26,0,0.58,37.57
488,E14000909,Rutland and Melton,England,East Midlands,62.83,22.69,8.18,0,0,3.25,3.05,0,55.64,15.35,8.07,0,0,15.89,4.26,0.78,53.88
489,E14000910,Saffron Walden,England,East of England,61.78,20.79,14,0,0,3.43,0,0,57.2,11.8,10.56,0,0,13.78,3.78,2.88,51.24
490,E14000960,St Albans,England,East of England,43.11,23.05,32.39,0,0,0,1.45,0,46.65,23.26,18.51,0,0,7.85,3.74,0,37.83
491,E14000961,St Austell and Newquay,England,South West,49.54,28.99,21.47,0,0,0,0,0,40.21,10.23,23.98,0,0,16.88,4.6,4.1,64.06
492,E14000962,St Helens North,England,North West,27.09,63.74,2.56,0,0,4.18,2.43,0,19.65,57.03,4.42,0,0,15.1,3.81,0,58.39
493,E14000963,St Helens South and Whiston,England,North West,21.81,67.84,3.97,0,0,3.69,2.68,0,15.92,59.82,5.66,0,0,13.98,4.62,0,56.05
494,E14000964,St Ives,England,South West,43.18,14.25,42.57,0,0,0,0,0,38.27,9.34,33.16,0,0,11.84,6.32,1.07,54.77
495,E14000911,Salford and Eccles,England,North West,25.28,65.45,2.7,0,0,4.87,1.7,0,20.39,49.38,3.73,0,0,18.04,5.2,3.24,53.59
496,E14000912,Salisbury,England,South West,58.06,25.55,11.22,0,0,2.23,2.16,0.78,55.6,15.33,10.06,0,0,12.13,5.45,1.44,49.91
497,E14000913,Scarborough and Whitby,England,Yorkshire and The Humber,48.37,41.56,2.68,0,0,3.33,1.81,2.24,43.18,30.19,4.52,0,0,17.1,4.58,0.43,61.32
498,E14000914,Scunthorpe,England,Yorkshire and The Humber,43.49,52.03,1.38,0,0,3.1,0,0,33.19,41.67,2.08,0,0,17.13,2.4,3.53,68.68
499,E14000915,Sedgefield,England,North East,38.81,53.38,1.92,0,0,4.24,1.65,0,29.53,47.2,3.54,0,0,16.6,3.13,0,59.44
500,E14000916,Sefton Central,England,North West,33.05,63.04,2.65,0,0,0,1.26,0,29.61,53.77,4.26,0,0,9.95,2.42,0,44.09
501,E14000917,Selby and Ainsty,England,Yorkshire and The Humber,58.71,34.15,4.09,0,0,3.05,0,0,52.51,26.83,3.64,0,0,13.99,2.77,0.26,57.65
502,E14000918,Sevenoaks,England,South East,63.74,20.94,8.36,0,0,3.7,3.27,0,56.92,12.86,7.85,0,0,17.9,4.46,0,54.04
503,E14000921,"Sheffield, Brightside and Hillsborough",England,Yorkshire and The Humber,21.61,67.33,2.53,0,0,6.32,1.76,0.44,11,56.58,4.5,0,0,22.11,4.27,1.53,59.97
504,E14000919,Sheffield Central,England,Yorkshire and The Humber,12.98,70.94,5.15,0,0,2.21,8.04,0.68,11.13,55.03,9.68,0,0,7.46,15.84,0.85,31.91
505,E14000922,"Sheffield, Hallam",England,Yorkshire and The Humber,23.78,38.37,34.65,0,0,1.63,1.44,0.12,13.6,35.8,40.04,0,0,6.44,3.19,0.92,34.01
506,E14000923,"Sheffield, Heeley",England,Yorkshire and The Humber,28.71,59.97,4.57,0,0,4.47,2.13,0.14,16.15,48.2,11.29,0,0,17.4,6.1,0.86,57.16
507,E14000920,Sheffield South East,England,Yorkshire and The Humber,31.48,58.54,3.28,0,0,6.47,0,0.23,17.37,51.43,5.34,0,0,21.9,2.68,1.28,66.32
508,E14000924,Sherwood,England,East Midlands,51.52,41.78,2.09,0,0,3.37,1.24,0,45.04,35.87,2.16,0,0,14.59,2.19,0.15,63.66
509,E14000925,Shipley,England,Yorkshire and The Humber,51.35,42.58,4.12,0,0,0,0,1.95,50,30.95,3.86,0,0,8.86,5.26,1.07,52.21
510,E14000926,Shrewsbury and Atcham,England,West Midlands,49.95,38.57,7.31,0,0,2.34,1.83,0,45.52,27.84,7.89,0,0,14.44,4.15,0.15,52.92
511,E14000849,North Shropshire,England,West Midlands,60.51,31.09,5.3,0,0,0,3.1,0,51.44,20.06,5.99,0,0,17.62,4.9,0,59.85
512,E14000927,Sittingbourne and Sheppey,England,South East,60.15,30.55,2.71,0,0,0,1.09,5.5,49.47,19.59,3.17,0,0,24.82,2.4,0.56,65.36
513,E14000928,Skipton and Ripon,England,Yorkshire and The Humber,62.65,28.28,0,0,0,0,6.42,2.65,55.44,17.39,7.44,0,0,14.02,5.71,0,53.19
514,E14000929,Sleaford and North Hykeham,England,East Midlands,64.21,25.85,4.14,0,0,2.97,1.47,1.37,56.19,17.26,5.65,0,0,15.69,0,5.22,61.58
515,E14000930,Slough,England,South East,31.63,62.93,2.41,0,0,2.26,0,0.77,33.32,48.52,2.64,0,0,13,2.53,0,54.06
516,E14000931,Solihull,England,West Midlands,58.13,21.88,15.69,0,0,2.27,2.04,0,49.21,10.39,25.66,0,0,11.61,2.98,0.15,53.35
517,E14000850,North Somerset,England,South West,54.21,26.62,9.65,0,0,0,3.19,6.34,53.51,14.32,12.7,0,0,13.01,6.46,0,47.58
518,E14000846,North East Somerset,England,South West,53.65,34.71,8.25,0,0,0,2.3,1.09,49.77,24.83,7.88,0,0,12.03,5.48,0,51.63
519,E14000932,Somerton and Frome,England,South West,56.71,17.21,20.86,0,0,0,3.67,1.55,52.99,7.33,19.39,0,0,10.68,9.01,0.61,50.33
520,E14000939,South Holland and The Deepings,England,East Midlands,69.92,20.44,2.85,0,0,4.34,1.78,0.68,59.55,12.44,2.98,0,0,21.82,3.21,0,71.07
521,E14000943,South Ribble,England,North West,52.85,39.32,3.78,0,0,2.53,0.9,0.62,46.43,35.07,4.41,0,0,14.09,0,0,56.64
522,E14000944,South Shields,England,North East,25.92,61.51,1.67,0,0,7.37,3.52,0,16.6,51.26,1.76,0,0,21.99,4.45,3.93,62.05
523,E14000955,"Southampton, Itchen",England,South East,46.54,46.47,3.04,0,0,2.4,1.55,0,41.73,36.55,3.57,0,0,13.44,4.2,0.52,60.29
524,E14000956,"Southampton, Test",England,South East,34.13,58.65,4.03,0,0,0,0,3.19,32.55,41.27,4.86,0,0,12.75,5.88,2.69,49.41
525,E14000957,Southend West,England,East of England,55.19,34,4.47,0,0,3.53,1.76,1.04,49.82,18.32,9.28,0,0,17.53,4.68,0.37,55.07
526,E14000958,Southport,England,North West,38.66,32.59,26.4,0,0,2.35,0,0,27.96,19.2,30.96,0,0,16.85,2.79,2.25,46.29
527,E14000959,Spelthorne,England,South East,57.25,30.46,5.5,0,0,4.58,2.2,0,49.69,18.57,6.44,0,0,20.85,3.51,0.93,60.30
528,E14000965,Stafford,England,West Midlands,54.74,39.86,2.97,0,0,0,2.44,0,48.41,29.59,2.76,0,0,12.9,2.85,3.49,57.46
529,E14000966,Staffordshire Moorlands,England,West Midlands,58.14,33.89,3.35,0,0,0,1.21,3.41,51.12,27.23,4.13,0,0,14.64,2.88,0,64.69
530,E14000945,South Staffordshire,England,West Midlands,69.76,25.29,2.64,0,0,0,2.31,0,59.43,18.36,2.92,0,0,16.67,2.62,0,65.24
531,E14000967,Stalybridge and Hyde,England,North West,38.14,57.18,2.35,0,0,0,2.33,0,28.66,44.96,3.06,0,0,18.81,4.51,0,59.29
532,E14000968,Stevenage,England,East of England,50.27,43.41,4.12,0,0,0,2.2,0,44.54,34.18,3.31,0,0,14.36,2.86,0.75,57.04
533,S14000057,Stirling,Scotland,Scotland,37.06,22.09,3.41,36.76,0,0,0,0.68,23.11,25.52,2.67,45.62,0,0,3.08,0,32.20
534,E14000969,Stockport,England,North West,28.42,63.26,4.28,0,0,2.62,1.42,0,24.49,49.87,7.65,0,0,13.13,4.42,0.44,46.79
535,E14000970,Stockton North,England,North East,36.48,56.88,1.51,0,0,4.29,0.84,0,27.97,49.12,2.23,0,0,19.16,0,1.52,66.32
536,E14000971,Stockton South,England,North East,46.85,48.5,1.77,0,0,2.2,0.69,0,46.76,37.02,2.64,0,0,10.58,1.84,1.16,57.76
537,E14000972,Stoke-on-Trent Central,England,West Midlands,39.78,51.54,2.05,0,0,4.85,1.14,0.63,22.55,39.31,4.17,0,0,22.65,3.61,7.71,64.85
538,E14000973,Stoke-on-Trent North,England,West Midlands,45.26,50.91,2.19,0,0,0,1.64,0,27.4,39.92,2.94,0,0,24.69,2.82,2.23,72.12
539,E14000974,Stoke-on-Trent South,England,West Midlands,49.05,47.46,1.94,0,0,0,1.54,0,32.68,39.17,3.35,0,0,21.22,2.63,0.95,71.11
540,E14000975,Stone,England,West Midlands,63.19,28.22,4.44,0,0,2.74,1.41,0,54.71,20.16,5.26,0,0,16.2,2.53,1.13,57.54
541,E14000976,Stourbridge,England,West Midlands,54.54,38.3,2.3,0,0,3.82,1.05,0,46.05,31.5,3.34,0,0,16.89,2.22,0,63.66
543,E14000977,Stratford-on-Avon,England,West Midlands,62.87,21.85,11.88,0,0,0,2.51,0.89,57.67,12.98,12.01,0,0,13.21,4.14,0,51.00
544,E14000978,Streatham,England,London,21.38,68.49,6.47,0,0,0.63,3.04,0,25.11,53.02,8.99,0,0,3.21,8.85,0.81,20.54
545,E14000979,Stretford and Urmston,England,North West,27.52,66.78,1.99,0,0,2.18,1.28,0.24,27.84,53.04,2.94,0,0,10.93,4.71,0.54,48.91
546,E14000980,Stroud,England,South West,45.92,47,3.22,0,0,1.63,2.23,0,45.73,37.73,3.43,0,0,7.97,4.57,0.57,45.86
547,E14000624,Central Suffolk and North Ipswich,England,East of England,60.14,29.73,4.3,0,0,2.89,2.94,0,56.05,18.81,6.13,0,0,13.79,4.93,0.3,54.89
548,E14000981,Suffolk Coastal,England,East of England,58.05,30.48,6.97,0,0,0,3.1,1.39,51.9,18.01,8.59,0,0,15.57,5.93,0,55.21
549,E14000946,South Suffolk,England,East of England,60.53,27.8,5.82,0,0,2.67,3.18,0,53.07,19.27,7.79,0,0,15.21,4.34,0.32,54.03
550,E14001034,West Suffolk,England,East of England,61.16,28.19,4.21,0,0,4.63,1.81,0,52.17,17.48,5.01,0,0,21.73,3.61,0,63.25
551,E14000982,Sunderland Central,England,North East,33.38,55.54,3.94,0,0,4.9,1.56,0.68,23.42,50.19,2.65,0,0,19.15,4.09,0.51,59.94
552,E14000681,East Surrey,England,South East,59.64,19.25,10.47,0,0,3.76,1.86,5.02,57.41,11.81,9.25,0,0,17.03,3.85,0.65,54.20
553,E14000983,Surrey Heath,England,South East,64.19,21.06,10.85,0,0,0,3.91,0,59.86,11.21,9.07,0,0,14.29,4.41,1.16,51.85
554,E14000953,South West Surrey,England,South East,55.74,12.59,9.87,0,0,1.79,0,20.01,59.87,9.48,6.28,0,0,9.88,5.44,9.05,40.75
555,E14000817,Mid Sussex,England,South East,56.92,25,12.75,0,0,2.03,2.55,0.75,56.13,13.88,11.49,0,0,12,4.27,2.24,46.44
556,E14000984,Sutton and Cheam,England,London,51.12,20.52,26.69,0,0,0,1.68,0,41.54,11.11,33.69,0,0,10.7,2.11,0.85,51.28
557,E14000985,Sutton Coldfield,England,West Midlands,60.96,31.94,4.36,0,0,0,1.83,0.91,54.63,22.35,5.17,0,0,14.73,2.8,0.32,51.67
558,W07000048,Swansea East,Wales,Wales,25.99,63.45,1.78,0,4.8,2.96,1.02,0,15.3,52.97,4.14,0,10.41,17.19,0,0,61.79
559,W07000047,Swansea West,Wales,Wales,31.33,59.76,3.4,0,4.1,0,1.16,0.25,22.56,42.57,9.04,0,6.45,13.49,5.07,0.81,43.40
560,E14000851,North Swindon,England,South West,53.6,38.42,3.57,0,0,2.85,1.56,0,50.33,27.77,3.26,0,0,15.33,3.3,0,57.29
561,E14000947,South Swindon,England,South West,48.39,43.58,4.05,0,0,2.52,1.46,0,46.24,34.49,3.69,0,0,12.02,3.57,0,51.65
562,E14000986,Tamworth,England,West Midlands,61.02,34.81,4.16,0,0,0,0,0,50.04,26.08,3.02,0,0,18.5,2.35,0,65.99
563,E14000987,Tatton,England,North West,58.56,28.46,9.02,0,0,0,2.08,1.87,58.62,18.35,8.5,0,0,10.75,3.78,0,45.63
564,E14000988,Taunton Deane,England,South West,52.87,15.37,27.67,0,0,2.27,1.83,0,48.11,9.24,21.35,0,0,11.96,4.54,4.81,52.92
565,E14000989,Telford,England,West Midlands,48.73,47.12,2.13,0,0,0,2.01,0,39.6,37.8,2.28,0,0,18.03,2.29,0,66.19
566,E14000990,Tewkesbury,England,South West,60,21.79,13.51,0,0,2.04,2.67,0,54.52,14.82,13.78,0,0,12.88,3.99,0,53.65
567,E14000852,North Thanet,England,South East,56.21,33.99,3.28,0,0,4.55,1.71,0.26,48.98,17.88,3.5,0,0,25.71,3.65,0.29,65.18
568,E14000948,South Thanet,England,South East,50.77,37.94,3.04,0,0,6.02,1.63,0.59,38.13,23.76,1.89,0,0,32.44,2.18,1.6,61.69
569,E14000993,Thirsk and Malton,England,Yorkshire and The Humber,60.03,26.05,6.9,0,0,2.74,1.97,2.32,52.6,15.45,8.98,0,0,14.9,4.59,3.47,56.43
570,E14000994,Thornbury and Yate,England,South West,55.25,12.06,31.44,0,0,0,1.25,0,41.02,7.77,37.94,0,0,10.55,2.71,0,52.19
571,E14000995,Thurrock,England,East of England,39.5,38.82,1.59,0,0,20.09,0,0,33.68,32.6,1.3,0,0,31.71,0,0.71,70.26
572,E14000996,Tiverton and Honiton,England,South West,61.35,27.1,8.02,0,0,0,3.52,0,54,12.71,10.46,0,0,16.47,6.35,0,57.82
573,E14000997,Tonbridge and Malling,England,South East,63.64,22.33,6.65,0,0,3.26,4.1,0,59.41,14.17,6.82,0,0,15.19,4.41,0,52.86
574,E14000998,Tooting,England,London,33.07,59.64,5.26,0,0,0.58,1.45,0,41.89,47.19,3.94,0,0,2.87,4.11,0,25.59
575,E14000999,Torbay,England,South West,53.04,18.19,25.13,0,0,2.37,1.27,0,40.66,8.66,33.83,0,0,13.6,3.24,0,62.45
576,W07000053,Torfaen,Wales,Wales,30.95,57.6,2.22,0,5.36,3.88,0,0,23.11,44.65,3.35,0,5.72,18.99,1.97,2.22,60.78
577,E14001001,Totnes,England,South West,53.65,26.85,12.86,0,0,2.47,4.17,0,52.96,12.71,9.91,0,0,14.13,10.29,0,53.89
578,E14001002,Tottenham,England,London,11.48,81.58,3.42,0,0,0.94,2.59,0,11.96,67.33,4.13,0,0,3.55,9.24,3.79,23.78
579,E14001003,Truro and Falmouth,England,South West,44.35,37.66,14.94,0,0,1.58,1.47,0,44,15.16,16.84,0,0,11.58,8.7,3.72,45.85
580,E14001004,Tunbridge Wells,England,South East,56.92,26.55,9.88,0,0,2.7,2.66,1.29,58.69,14.21,8.44,0,0,12.6,5.17,0.89,44.65
581,E14001005,Twickenham,England,London,38.03,9.22,52.75,0,0,0,0,0,41.26,11.5,38,0,0,4.95,3.97,0.32,33.32
582,E14001006,Tynemouth,England,North East,36.46,56.98,3.03,0,0,2.21,1.11,0.22,32.81,48.21,2.98,0,0,12.23,3.77,0,47.64
583,E14000853,North Tyneside,England,North East,27.31,64.47,2.88,0,0,4.05,1.29,0,19.22,55.94,4.43,0,0,16.27,3.08,1.06,59.52
587,E14001007,Uxbridge and South Ruislip,England,London,50.79,40.01,3.93,0,0,3.38,1.89,0,50.24,26.37,4.94,0,0,14.16,3.16,1.14,57.19
588,W07000060,Vale of Clwyd,Wales,Wales,44.06,50.21,1.72,0,4.01,0,0,0,39.02,38.35,2.59,0,7.05,12.98,0,0,56.56
589,W07000078,Vale of Glamorgan,Wales,Wales,47.47,43.4,1.9,0,4.27,1.62,0.78,0.57,46.02,32.61,2.55,0,5.59,10.7,2.05,0.46,52.55
590,E14001008,Vauxhall,England,London,18.67,57.37,20.58,0,0,0,2.09,1.29,27.26,53.77,6.91,0,0,2.89,7.63,1.54,22.43
591,E14001009,Wakefield,England,Yorkshire and The Humber,44.96,49.67,2.04,0,0,0,0,3.33,34.18,40.26,3.45,0,0,18.3,2.49,1.33,62.77
592,E14001010,Wallasey,England,North West,23.23,71.46,1.6,0,0,2.4,1.32,0,22.66,60.36,2.33,0,0,11.68,2.97,0,49.92
593,E14001011,Walsall North,England,West Midlands,49.63,42.81,1.54,0,0,6.02,0,0,33.77,39.02,2.28,0,0,22.02,1.43,1.48,74.19
594,E14001012,Walsall South,England,West Midlands,37.2,57.37,1.33,0,0,4.1,0,0,32.82,47.18,1.62,0,0,15.63,2.75,0,61.64
595,E14001013,Walthamstow,England,London,14.07,80.58,2.87,0,0,0,2.47,0,13.36,68.86,3.97,0,0,6,6.37,1.45,33.49
596,E14001014,Wansbeck,England,North East,32.75,57.33,4.75,0,0,3.49,1.68,0,21.77,50.01,6.25,0,0,18.2,3.77,0,56.29
597,E14001015,Wantage,England,South East,54.18,26.85,14.52,0,0,2.02,2.43,0,53.31,16.02,13.05,0,0,12.5,5.12,0,46.46
598,E14001016,Warley,England,West Midlands,26.17,67.16,1.93,0,0,3.36,1.38,0,19.32,58.19,2.13,0,0,16.49,3.87,0,61.63
599,E14001017,Warrington North,England,North West,36.63,56.38,2.49,0,0,3.22,1.28,0,28.18,47.82,4.14,0,0,17.08,2.78,0,58.07
600,E14001018,Warrington South,England,North West,44.27,48.38,5.39,0,0,0,0,1.96,43.68,39.05,5.62,0,0,8.27,2.97,0.4,51.11
601,E14001019,Warwick and Leamington,England,West Midlands,44.44,46.67,5.2,0,0,1.48,2.22,0,47.94,34.88,4.97,0,0,8.27,3.94,0,41.64
602,E14000854,North Warwickshire,England,West Midlands,56.93,38.9,2.18,0,0,0,1.99,0,42.3,36.03,2.06,0,0,17.43,1.89,0.29,67.76
603,E14001020,Washington and Sunderland West,England,North East,28.83,60.73,2.37,0,0,6.8,1.27,0,18.88,54.96,2.67,0,0,19.65,2.93,0.92,61.85
604,E14001021,Watford,England,East of England,45.61,42.04,9.1,0,0,2.02,1.23,0,43.46,26.01,18.08,0,0,9.76,2.37,0.32,51.15
605,E14001022,Waveney,England,East of England,54.38,36.88,1.92,0,0,3.67,2.53,0.62,42.35,37.73,2.02,0,0,14.52,3.37,0,63.41
606,E14001023,Wealden,England,South East,61.24,22.16,10.39,0,0,2.97,3.24,0,57.01,10.81,9.09,0,0,16.73,6.35,0,52.77
607,E14001024,Weaver Vale,England,North West,43.74,51.5,3.21,0,0,0,1.55,0,43.16,41.44,2.98,0,0,9.7,2.52,0.2,50.55
608,E14001025,Wellingborough,England,East Midlands,57.44,34.03,3.35,0,0,3.39,1.8,0,52.08,19.51,4.44,0,0,19.57,4.4,0,63.02
609,E14001026,Wells,England,South West,50.11,11.72,37.65,0,0,0,0,0.53,46.13,6.64,32.8,0,0,9.92,4.1,0.42,53.63
610,E14001027,Welwyn Hatfield,England,East of England,51.04,36.78,7.42,0,0,2.79,1.62,0.34,50.36,26.15,6.25,0,0,13.06,3.47,0.71,52.82
611,E14001028,Wentworth and Dearne,England,Yorkshire and The Humber,31.27,64.96,3.77,0,0,0,0,0,14.91,56.89,2.63,0,0,24.85,0,0.72,70.28
612,E14001029,West Bromwich East,England,West Midlands,38.24,57.97,1.6,0,0,0,1.36,0.83,24.93,50.19,2,0,0,21.2,1.68,0,68.18
613,E14001030,West Bromwich West,England,West Midlands,39.7,52.06,0.92,0,0,6.43,0.89,0,23.88,47.33,1.57,0,0,25.23,1.99,0,68.67
614,E14001032,West Ham,England,London,16.2,76.75,3.02,0,0,1.87,1.58,0.58,15.43,68.44,2.71,0,0,7.48,5.02,0.92,47.97
615,E14001036,Westminster North,England,London,33.31,59.9,5.2,0,0,0,1.37,0.21,41.83,46.83,3.69,0,0,3.77,3.35,0.54,33.65
616,E14001037,Westmorland and Lonsdale,England,North West,44.32,9.25,45.83,0,0,0,0,0.6,33.2,5.44,51.49,0,0,6.19,3.67,0,47.06
617,E14001038,Weston-Super-Mare,England,South West,53.15,32.68,9.17,0,0,3.42,1.57,0,47.96,18.26,10.44,0,0,17.82,4.93,0.59,57.20
618,E14001039,Wigan,England,North West,28.5,62.21,1.93,0,0,5.78,1.58,0,20.73,52.16,2.77,0,0,19.47,2.81,2.06,62.96
619,E14000860,North Wiltshire,England,South West,60.32,17.5,17.73,0,0,1.62,2.12,0.7,57.24,9.75,15.61,0,0,11.5,4.65,1.25,50.30
620,E14000954,South West Wiltshire,England,South West,59.98,26.51,9.79,0,0,0,2.64,1.08,52.67,13.45,10.62,0,0,17.49,5.78,0,56.88
621,E14001040,Wimbledon,England,London,46.47,35.56,14.5,0,0,1.07,2.39,0,52.09,26.03,12.66,0,0,5.11,4.1,0,29.37
622,E14001041,Winchester,England,South East,52.01,10.51,34.52,0,0,1.22,1.48,0.26,55,8.34,24.43,0,0,7.45,4.78,0,39.64
623,E14001042,Windsor,England,South East,64.39,22.87,10.08,0,0,0,2.66,0,63.39,13.39,8.62,0,0,9.95,3.66,1,46.66
624,E14001043,Wirral South,England,North West,38.83,57.24,2.93,0,0,0,1,0,37.21,48.2,3.52,0,0,8.93,2.14,0,46.55
625,E14001044,Wirral West,England,North West,42.09,54.3,2.63,0,0,0,0.98,0,44.15,45.15,3.42,0,0,6.62,0,0.65,44.69
626,E14001045,Witham,England,East of England,64.32,26.45,5.51,0,0,0,3.72,0,57.5,15.83,6.13,0,0,16.05,4.32,0.17,60.47
627,E14001046,Witney,England,South East,55.54,20.68,20.45,0,0,1.61,1.73,0,60.19,17.18,6.76,0,0,9.15,5.08,1.64,46.34
628,E14001047,Woking,England,South East,54.13,23.86,17.58,0,0,2.1,1.98,0.36,56.19,16.14,11.64,0,0,11.3,4.06,0.67,44.25
629,E14001048,Wokingham,England,South East,56.64,25.14,15.94,0,0,0,2.29,0,57.73,14.52,13.52,0,0,9.85,3.74,0.64,42.69
630,E14001049,Wolverhampton North East,England,West Midlands,40.25,52.82,1.56,0,0,4.05,1.32,0,29.92,46.08,2.75,0,0,19.19,2.06,0,67.71
631,E14001050,Wolverhampton South East,England,West Midlands,34.77,58.22,1.23,0,0,4.61,1.16,0,22.32,53.33,2.3,0,0,20.31,1.74,0,68.14
632,E14001051,Wolverhampton South West,England,West Midlands,44.19,49.35,1.85,0,0,2.39,1.37,0.85,41.22,43.21,2.1,0,0,10.72,2.63,0.12,54.37
633,E14001052,Worcester,England,West Midlands,48.09,43.22,3.42,0,0,2.63,2.35,0.29,45.32,33.96,3.37,0,0,12.83,4.07,0.45,53.68
634,E14000818,Mid Worcestershire,England,West Midlands,65.29,22.95,6.26,0,0,3.01,2.49,0,56.99,14.45,7.18,0,0,17.68,3.7,0,59.39
635,E14001035,West Worcestershire,England,West Midlands,61.45,23.68,9.4,0,0,2.62,2.84,0,56.09,13.39,9.7,0,0,14.35,6.48,0,52.52
636,E14001053,Workington,England,North West,41.73,51.15,2.72,0,0,3.73,0,0.67,30.15,42.33,4.44,0,0,19.6,2.99,0.49,61.01
637,E14001054,Worsley and Eccles South,England,North West,38.71,57.07,2.38,0,0,0,1.84,0,30.09,44.24,2.62,0,0,18.28,2.95,1.82,59.79
638,E14000682,East Worthing and Shoreham,England,South East,48.93,39.31,4.75,0,0,2.72,2.4,1.9,49.47,19.51,6.73,0,0,16.57,5.22,2.49,53.68
639,E14001055,Worthing West,England,South East,55.37,33.19,5.47,0,0,3,2.96,0,51.46,15.67,8.82,0,0,18.26,5.79,0,56.02
640,E14000992,The Wrekin,England,West Midlands,55.43,36.12,2.72,0,0,3.34,1.62,0.77,49.69,26.05,4.31,0,0,16.77,3.18,0,59.32
641,W07000044,Wrexham,Wales,Wales,43.66,48.88,2.46,0,5,0,0,0,31.63,37.23,5.3,0,7.64,15.5,2.04,0.64,57.57
642,E14001056,Wycombe,England,South East,50.04,37.74,7.75,0,0,2.26,2.21,0,51.41,22.53,8.84,0,0,10.11,6,1.12,48.46
643,E14001057,Wyre and Preston North,England,North West,58.28,35.02,4.85,0,0,0,1.85,0,53.17,24.81,5.44,0,0,13.18,3.41,0,54.20
644,E14001058,Wyre Forest,England,West Midlands,58.4,32.32,3.8,0,0,3.48,2,0,45.3,19.26,2.48,0,0,16.11,2.26,14.59,63.15
645,E14001059,Wythenshawe and Sale East,England,North West,29.62,62.22,3.28,0,0,3.22,1.26,0.4,25.71,50.14,4.45,0,0,14.69,3.83,1.17,49.65
646,E14001060,Yeovil,England,South West,54.49,12.49,29.71,0,0,0,1.77,1.55,42.47,7.12,33.14,0,0,13.43,3.85,0,59.87
647,W07000041,Ynys Mn,Wales,Wales,27.79,41.86,1.28,0,27.4,1.67,0,0,21.17,31.13,2.15,0,30.47,14.66,0,0.42,50.94
648,E14001061,York Central,England,Yorkshire and The Humber,30.17,65.16,4.66,0,0,0,0,0,28.31,42.39,7.98,0,0,10.06,10.05,1.21,38.82
649,E14001062,York Outer,England,Yorkshire and The Humber,51.12,36.68,10.29,0,0,0,1.91,0,49.12,24.76,11.63,0,0,9.74,4.75,0,44.67
650,E14000683,East Yorkshire,England,Yorkshire and The Humber,58.27,30.46,3.96,0,0,3.68,1.75,1.88,50.56,20.69,5.93,0,0,17.91,3.46,1.44,63.66